Ano,Acao,Valor
2017,AALL34,0.96043
2018,AALL34,1.4708999999999999
2019,AALL34,1.5943900000000002
2020,AALL34,0.43722
2019,AALR3,0.027763
2020,AALR3,0.087297
2015,AAPL34,0.083361
2016,AAPL34,0.097942
2017,AAPL34,0.097931
2018,AAPL34,0.129431
2019,AAPL34,0.15157600000000002
2020,AAPL34,0.21330500000000002
2021,AAPL34,0.232508
2022,AAPL34,0.23683700000000002
2023,AAPL34,0.219216
2024,AAPL34,0.184747
2018,ABBV34,0.225618
2019,ABBV34,1.0626570000000002
2020,ABBV34,1.5437729999999998
2021,ABBV34,1.7552109999999999
2022,ABBV34,1.36147
2023,ABBV34,1.714109
2024,ABBV34,1.433204
2015,ABCB4,0.422379
2016,ABCB4,0.840762
2017,ABCB4,1.0368789999999999
2018,ABCB4,1.035584
2019,ABCB4,1.068441
2020,ABCB4,0.632518
2021,ABCB4,0.9831829999999999
2022,ABCB4,1.2547739999999998
2023,ABCB4,1.192481
2024,ABCB4,2.386
2017,ABCP11,0.8
2022,ABCP11,5.029999999999999
2023,ABCP11,5.799999999999999
2024,ABCP11,7.1
2015,ABEV3,1.5799999999999998
2016,ABEV3,0.64
2017,ABEV3,0.54
2018,ABEV3,0.55
2019,ABEV3,0.4906
2020,ABEV3,0.4137
2021,ABEV3,0.6803
2022,ABEV3,0.7623
2023,ABEV3,0.7302
2024,ABEV3,0.6676
2015,ABTT34,0.261714
2016,ABTT34,0.30478
2017,ABTT34,0.27775
2018,ABTT34,0.33955599999999997
2019,ABTT34,0.423739
2020,ABTT34,0.618231
2021,ABTT34,0.403372
2022,ABTT34,0.605098
2023,ABTT34,0.783973
2024,ABTT34,0.673219
2015,ACNB34,4.34192
2016,ACNB34,7.995900000000001
2017,ACNB34,8.108550000000001
2018,ACNB34,10.378
2019,ACNB34,9.17929
2020,ACNB34,17.2359
2021,ACNB34,9.927145
2022,ACNB34,19.479043
2023,ACNB34,23.558061
2024,ACNB34,23.091305
2015,AFLT3,0.124671
2016,AFLT3,0.309129
2017,AFLT3,0.218563
2018,AFLT3,0.180516
2019,AFLT3,0.105651
2020,AFLT3,0.468666
2021,AFLT3,0.31305700000000003
2022,AFLT3,0.236234
2023,AFLT3,0.480211
2024,AFLT3,0.327831
2015,AGRO3,1.3977
2016,AGRO3,0.5840799999999999
2017,AGRO3,0.241108
2018,AGRO3,0.762051
2019,AGRO3,0.92933
2020,AGRO3,0.709664
2021,AGRO3,2.621181
2022,AGRO3,5.254966
2023,AGRO3,3.212353
2024,AGRO3,1.555983
2016,AIGB34,1.04352
2017,AIGB34,4.12432
2018,AIGB34,4.82784
2019,AIGB34,5.08128
2020,AIGB34,5.15424
2021,AIGB34,5.1318399999999995
2022,AIGB34,6.556799999999999
2023,AIGB34,5.8295580000000005
2024,AIGB34,6.791357
2024,ALMI11,21.267812
2015,ALPA3,0.709315
2016,ALPA3,0.21863300000000002
2017,ALPA3,0.247817
2018,ALPA3,0.343015
2020,ALPA3,0.05019
2021,ALPA3,0.247202
2022,ALPA3,0.148322
2015,ALPA4,0.5116580000000001
2016,ALPA4,0.24031000000000002
2017,ALPA4,0.272388
2018,ALPA4,0.37702699999999995
2020,ALPA4,0.055166
2021,ALPA4,0.271712
2022,ALPA4,0.163028
2015,ALUP11,0.960246
2016,ALUP11,0.672172
2017,ALUP11,0.473821
2018,ALUP11,0.665681
2019,ALUP11,0.41605
2020,ALUP11,0.637944
2021,ALUP11,0.776627
2022,ALUP11,1.137204
2023,ALUP11,1.7307700000000001
2024,ALUP11,1.41
2017,ALUP3,0.15794
2018,ALUP3,0.221893
2019,ALUP3,0.138683
2020,ALUP3,0.212648
2021,ALUP3,0.258876
2022,ALUP3,0.379068
2023,ALUP3,0.576924
2024,ALUP3,0.47000000000000003
2017,ALUP4,0.15794
2018,ALUP4,0.221893
2019,ALUP4,0.138683
2020,ALUP4,0.212648
2021,ALUP4,0.258876
2022,ALUP4,0.379068
2023,ALUP4,0.576924
2024,ALUP4,0.47000000000000003
2022,ALZR11,11.358052
2023,ALZR11,8.786845
2024,ALZR11,9.10873
2015,AMAR3,0.269227
2015,AMGN34,0.38645699999999994
2016,AMGN34,0.489893
2017,AMGN34,0.526799
2018,AMGN34,0.705616
2019,AMGN34,0.824734
2020,AMGN34,0.8327370000000001
2021,AMGN34,0.9988249999999999
2022,AMGN34,1.406853
2023,AMGN34,1.2888110000000002
2024,AMGN34,1.224793
2015,ANIM3,0.1576
2016,ANIM3,0.0625
2017,ANIM3,0.020633
2018,ANIM3,0.084533
2019,ANIM3,0.0023
2024,ANIM3,0.47127
2015,ARMT34,0.926011
2018,ARMT34,0.1901
2019,ARMT34,0.38933
2021,ARMT34,0.753015
2022,ARMT34,0.968943
2023,ARMT34,0.990419
2024,ARMT34,1.213949
2016,ARNC34,0.304875
2017,ARNC34,0.762348
2018,ARNC34,0.894618
2019,ARNC34,0.47012600000000004
2020,ARNC34,0.087836
2021,ARNC34,0.21706999999999999
2022,ARNC34,0.51556
2023,ARNC34,0.775352
2024,ARNC34,0.9880329999999999
2017,ATSA11B,3.0
2022,ATSA11B,0.2
2023,ATSA11B,0.15000000000000002
2024,ATSA11B,1.22
2015,ATTB34,2.04309
2016,ATTB34,2.23224
2017,ATTB34,2.070658
2018,ATTB34,2.36325
2019,ATTB34,2.62208
2020,ATTB34,3.582626
2021,ATTB34,2.8037340000000004
2022,ATTB34,2.339189
2023,ATTB34,1.829318
2024,ATTB34,1.657344
2015,AXPB34,0.36325499999999994
2016,AXPB34,0.414841
2017,AXPB34,0.416048
2018,AXPB34,0.518103
2019,AXPB34,0.640761
2020,AXPB34,0.90767
2021,AXPB34,0.909794
2022,AXPB34,1.030294
2023,AXPB34,1.15282
2024,AXPB34,1.290967
2015,AZEV3,0.15684
2015,AZEV4,0.244938
2015,B3SA3,0.266364
2016,B3SA3,0.16785699999999998
2017,B3SA3,0.150912
2018,B3SA3,0.234043
2019,B3SA3,0.26807800000000004
2020,B3SA3,0.53844
2021,B3SA3,0.913718
2022,B3SA3,0.469106
2023,B3SA3,0.48723299999999997
2024,B3SA3,0.40162
2015,BALM3,0.35
2016,BALM3,0.21
2017,BALM3,0.15
2018,BALM3,0.12
2019,BALM3,0.14
2020,BALM3,0.352
2021,BALM3,0.34
2022,BALM3,0.251416
2023,BALM3,0.992353
2024,BALM3,0.717647
2015,BALM4,0.0875
2016,BALM4,0.39
2017,BALM4,0.15
2018,BALM4,0.12
2019,BALM4,0.14
2020,BALM4,0.26
2021,BALM4,0.41
2022,BALM4,0.251416
2023,BALM4,0.992353
2024,BALM4,0.717647
2022,BARI11,10.700000000000001
2023,BARI11,9.5692
2024,BARI11,9.5317
2015,BAUH4,0.45614
2016,BAUH4,0.2642
2017,BAUH4,0.3679
2018,BAUH4,0.45078
2019,BAUH4,0.48088
2020,BAUH4,0.85795
2021,BAUH4,0.6739
2023,BAUH4,1.20933
2024,BAUH4,0.8189
2015,BAZA3,2.913749
2016,BAZA3,3.070068
2017,BAZA3,0.627458
2018,BAZA3,0.636477
2019,BAZA3,1.427314
2020,BAZA3,3.553427
2021,BAZA3,2.575651
2022,BAZA3,6.809764
2023,BAZA3,5.55926
2024,BAZA3,6.625162
2015,BBAS3,1.03082
2016,BBAS3,0.456858
2017,BBAS3,0.472985
2018,BBAS3,0.758128
2019,BBAS3,1.8672619999999998
2020,BBAS3,0.738455
2021,BBAS3,1.1331339999999999
2022,BBAS3,1.217537
2023,BBAS3,1.4929729999999997
2024,BBAS3,2.188257
2015,BBDC3,1.1799399999999998
2016,BBDC3,1.2429799999999998
2017,BBDC3,1.2837039999999997
2018,BBDC3,1.3004980000000004
2019,BBDC3,2.739187999999999
2020,BBDC3,1.0432260000000002
2021,BBDC3,1.6818360000000006
2022,BBDC3,0.7933779999999998
2023,BBDC3,2.1907259999999997
2024,BBDC3,1.4914239999999996
2015,BBDC4,0.652153
2016,BBDC4,0.6836369999999999
2017,BBDC4,0.706037
2018,BBDC4,0.715273
2019,BBDC4,2.0602709999999997
2020,BBDC4,0.573779
2021,BBDC4,0.9250109999999998
2022,BBDC4,0.43635799999999997
2023,BBDC4,1.5000489999999995
2024,BBDC4,0.8202829999999998
2017,BBPO11,1.961848
2022,BBPO11,8.16
2023,BBPO11,9.020000000000001
2017,BBRC11,1.6
2022,BBRC11,8.81
2023,BBRC11,12.989999999999998
2024,BBRC11,13.299999999999997
2015,BBSE3,1.668787
2016,BBSE3,1.673875
2017,BBSE3,1.644669
2018,BBSE3,3.0979780000000003
2019,BBSE3,1.5827110000000002
2020,BBSE3,4.138394
2021,BBSE3,0.996995
2022,BBSE3,1.966093
2023,BBSE3,3.486214
2024,BBSE3,2.6521980000000003
2017,BBVJ11,0.06
2016,BBYY34,1.80978
2017,BBYY34,4.351252
2018,BBYY34,6.6726
2019,BBYY34,2.12795
2020,BBYY34,11.731665
2021,BBYY34,15.42695
2022,BBYY34,18.349760000000003
2023,BBYY34,15.568462
2024,BBYY34,14.709613000000001
2017,BCIA11,1.4
2022,BCIA11,6.63
2023,BCIA11,9.66
2024,BCIA11,10.34
2017,BCRI11,1.3
2022,BCRI11,9.96
2023,BCRI11,9.62
2024,BCRI11,9.29
2015,BDLL4,5.84
2017,BEEF3,0.259896
2020,BEEF3,0.257832
2021,BEEF3,1.1213890000000002
2022,BEEF3,0.56155
2023,BEEF3,0.550902
2015,BEES3,0.16595500000000002
2016,BEES3,0.192147
2017,BEES3,0.18098200000000006
2018,BEES3,0.24986000000000008
2019,BEES3,0.3128500000000001
2020,BEES3,0.20602800000000004
2021,BEES3,0.33257900000000007
2022,BEES3,0.584989
2023,BEES3,0.6325230000000001
2024,BEES3,0.685943
2015,BEES4,0.16595500000000002
2016,BEES4,0.192147
2017,BEES4,0.19680900000000004
2018,BEES4,0.24986000000000008
2019,BEES4,0.3011380000000001
2020,BEES4,0.16082500000000002
2021,BEES4,0.33257900000000007
2022,BEES4,0.584989
2023,BEES4,0.6325230000000001
2024,BEES4,0.685943
2015,BGIP3,1.0607710000000001
2016,BGIP3,0.221561
2017,BGIP3,3.8340229999999997
2018,BGIP3,1.5641919999999998
2019,BGIP3,0.700233
2020,BGIP3,0.703622
2021,BGIP3,1.12829
2022,BGIP3,0.993807
2023,BGIP3,3.3968920000000002
2024,BGIP3,2.182109
2018,BLAK34,0.185448
2019,BLAK34,0.790695
2020,BLAK34,1.144088
2021,BLAK34,1.339822
2022,BLAK34,1.1418460000000001
2023,BLAK34,1.267499
2024,BLAK34,1.2015920000000002
2015,BMEB3,0.165
2016,BMEB3,0.300825
2019,BMEB3,0.027104
2020,BMEB3,0.935739
2021,BMEB3,0.590529
2022,BMEB3,0.521025
2023,BMEB3,1.479664
2024,BMEB3,2.0015530000000004
2015,BMEB4,0.513265
2016,BMEB4,0.330908
2017,BMEB4,0.165908
2018,BMEB4,0.331765
2019,BMEB4,0.331765
2020,BMEB4,1.029312
2021,BMEB4,0.649583
2022,BMEB4,0.573148
2023,BMEB4,1.627628
2024,BMEB4,2.201707
2019,BMGB4,0.25
2020,BMGB4,0.178607
2021,BMGB4,0.31551
2022,BMGB4,0.365333
2023,BMGB4,0.3756
2024,BMGB4,0.37
2015,BMIN3,0.534739
2016,BMIN3,0.177692
2017,BMIN3,1.530291
2019,BMIN3,0.039627
2023,BMIN3,1.420175
2024,BMIN3,1.272725
2015,BMIN4,1.271001
2016,BMIN4,0.656856
2017,BMIN4,2.167559
2018,BMIN4,1.19
2019,BMIN4,1.4
2020,BMIN4,1.4
2021,BMIN4,1.9498449999999998
2022,BMIN4,0.850155
2023,BMIN4,1.589625
2024,BMIN4,1.4
2015,BMKS3,29.69
2016,BMKS3,22.74
2017,BMKS3,34.48
2018,BMKS3,17.83
2019,BMKS3,8.38
2020,BMKS3,6.083939
2021,BMKS3,7.927874
2022,BMKS3,17.87756
2023,BMKS3,57.78632
2024,BMKS3,39.26519
2015,BMYB34,5.33709
2016,BMYB34,3.79297
2017,BMYB34,4.944224999999999
2018,BMYB34,5.6718
2019,BMYB34,6.32384
2020,BMYB34,9.320174999999999
2021,BMYB34,7.927465
2022,BMYB34,11.169252
2023,BMYB34,11.272548
2024,BMYB34,9.876033
2015,BNBR3,5.643802
2016,BNBR3,0.839558
2017,BNBR3,2.174435
2018,BNBR3,1.727268
2019,BNBR3,3.689664
2020,BNBR3,0.000805
2021,BNBR3,4.7826070000000005
2022,BNBR3,4.9835270000000005
2023,BNBR3,6.201299000000001
2024,BNBR3,6.055717
2017,BNFS11,1.555283
2022,BNFS11,12.990648
2023,BNFS11,17.372976
2024,BNFS11,16.354829
2015,BOAC34,0.177631
2016,BOAC34,0.207871
2017,BOAC34,0.312207
2018,BOAC34,0.510133
2019,BOAC34,0.658354
2020,BOAC34,0.72675
2021,BOAC34,0.801139
2022,BOAC34,1.107055
2023,BOAC34,0.9600150000000001
2024,BOAC34,0.9765130000000001
2015,BOEI34,12.493936
2016,BOEI34,15.257275
2017,BOEI34,18.097900000000003
2018,BOEI34,25.585875
2019,BOEI34,32.638537
2020,BOEI34,9.504375
2015,BONY34,0.650675
2016,BONY34,2.5178450000000003
2017,BONY34,2.731235
2018,BONY34,3.76194
2019,BONY34,4.679855
2020,BONY34,4.790275
2021,BONY34,6.914975
2022,BONY34,7.334038
2023,BONY34,7.893185000000001
2024,BONY34,8.073484
2016,BOXP34,0.6583600000000001
2017,BOXP34,0.968889
2018,BOXP34,1.286466
2019,BOXP34,1.5457889999999999
2020,BOXP34,1.646348
2021,BOXP34,2.113956
2022,BOXP34,2.002287
2023,BOXP34,1.6443020000000002
2024,BOXP34,1.5609520000000001
2017,BPAC11,0.171748
2018,BPAC11,0.339685
2019,BPAC11,0.351916
2020,BPAC11,0.302467
2021,BPAC11,0.393351
2022,BPAC11,0.6566190000000001
2023,BPAC11,0.780036
2024,BPAC11,0.858204
2017,BPAC3,0.1343
2018,BPAC3,0.110317
2019,BPAC3,0.11429
2020,BPAC3,0.099221
2021,BPAC3,0.130829
2022,BPAC3,0.21887299999999998
2023,BPAC3,0.260012
2024,BPAC3,0.286068
2017,BPAC5,0.137843
2018,BPAC5,0.113228
2019,BPAC5,0.117306
2020,BPAC5,0.100823
2021,BPAC5,0.131116
2022,BPAC5,0.21887299999999998
2023,BPAC5,0.260012
2024,BPAC5,0.286068
2015,BPAN4,0.00195
2016,BPAN4,0.003393
2018,BPAN4,0.061131
2019,BPAN4,0.075945
2020,BPAN4,0.37124900000000005
2021,BPAN4,0.22392800000000002
2022,BPAN4,0.5299689999999999
2023,BPAN4,0.215123
2024,BPAN4,0.24149
2017,BPFF11,1.34
2022,BPFF11,6.19
2023,BPFF11,7.44
2024,BPFF11,7.3999999999999995
2015,BRAP3,0.523717
2016,BRAP3,0.089342
2017,BRAP3,1.149519
2018,BRAP3,1.034247
2019,BRAP3,1.640514
2020,BRAP3,1.612458
2021,BRAP3,7.5129660000000005
2022,BRAP3,2.974148
2023,BRAP3,2.747205
2024,BRAP3,1.748656
2015,BRAP4,0.915063
2016,BRAP4,0.098276
2017,BRAP4,1.264472
2018,BRAP4,1.137672
2019,BRAP4,1.804564
2020,BRAP4,1.773703
2021,BRAP4,8.264263
2022,BRAP4,3.271562
2023,BRAP4,3.0219259999999997
2024,BRAP4,1.923521
2017,BRCR11,0.413056
2020,BRCR11,3.609966
2022,BRCR11,4.199999999999999
2023,BRCR11,4.890000000000001
2024,BRCR11,5.73
2015,BRFS3,0.9867269999999999
2016,BRFS3,1.391168
2024,BRFS3,0.7004469999999999
2015,BRGE11,0.27559
2016,BRGE11,0.28297
2017,BRGE11,0.29922
2018,BRGE11,0.31966
2019,BRGE11,0.33533
2020,BRGE11,0.35286
2021,BRGE11,0.3675
2022,BRGE11,0.37823
2023,BRGE11,0.39093999999999995
2024,BRGE11,0.28165
2015,BRGE12,0.03077
2016,BRGE12,0.00426
2017,BRGE12,0.00402
2018,BRGE12,0.00159
2019,BRGE12,0.00145
2021,BRGE12,0.00052
2024,BRGE12,0.00052
2015,BRGE6,0.55117
2016,BRGE6,0.56593
2017,BRGE6,0.59897
2018,BRGE6,0.63924
2019,BRGE6,0.67022
2020,BRGE6,0.7057100000000001
2021,BRGE6,0.735
2022,BRGE6,0.7564500000000001
2023,BRGE6,0.7818700000000001
2024,BRGE6,0.5633
2015,BRIV3,0.08312
2016,BRIV3,0.10955000000000001
2017,BRIV3,0.13609
2021,BRIV3,0.01934
2022,BRIV3,0.05435
2023,BRIV3,0.15833
2015,BRIV4,0.45638
2016,BRIV4,0.47847
2017,BRIV4,0.49428
2018,BRIV4,0.50758
2019,BRIV4,0.4569
2020,BRIV4,0.68201
2021,BRIV4,0.60056
2022,BRIV4,0.6101099999999999
2023,BRIV4,0.6375
2024,BRIV4,0.32727
2015,BRKM3,0.60625
2016,BRKM3,2.513877
2017,BRKM3,1.256718
2018,BRKM3,1.885738
2019,BRKM3,0.83862
2021,BRKM3,7.539048
2022,BRKM3,3.392696
2015,BRKM5,0.60625
2016,BRKM5,2.513877
2017,BRKM5,1.256718
2018,BRKM5,1.885738
2019,BRKM5,0.83862
2021,BRKM5,7.539048
2022,BRKM5,3.392696
2015,BRPR3,2231.65
2017,BRPR3,23.055
2018,BRPR3,163.1
2020,BRPR3,86.284
2021,BRPR3,196.883
2022,BRPR3,2527.79
2023,BRPR3,5469.2423
2015,BRSR3,0.900721
2016,BRSR3,0.606611
2017,BRSR3,0.715195
2018,BRSR3,1.3457050000000002
2019,BRSR3,1.2438609999999999
2020,BRSR3,0.578635
2021,BRSR3,1.274378
2022,BRSR3,0.881421
2023,BRSR3,0.917263
2024,BRSR3,0.9949300000000001
2015,BRSR5,0.928442
2016,BRSR5,0.606611
2017,BRSR5,0.7166049999999999
2018,BRSR5,1.4135290000000003
2019,BRSR5,1.28413
2020,BRSR5,0.596652
2021,BRSR5,1.518091
2022,BRSR5,0.8932760000000001
2023,BRSR5,0.9326559999999999
2024,BRSR5,1.013245
2015,BRSR6,0.900721
2016,BRSR6,0.606611
2017,BRSR6,0.715183
2018,BRSR6,1.345706
2019,BRSR6,1.2438609999999999
2020,BRSR6,0.578635
2021,BRSR6,1.274378
2022,BRSR6,0.881421
2023,BRSR6,0.917263
2024,BRSR6,0.9949300000000001
2024,BSLI4,0.00493
2022,BTCR11,1.086667
2023,BTCR11,1.2335559999999999
2024,BTCR11,1.1069999999999998
2024,BVAR11,104.17
2017,CAML3,0.158516
2018,CAML3,0.160798
2019,CAML3,0.17967999999999998
2020,CAML3,0.583833
2021,CAML3,0.24724400000000002
2022,CAML3,0.364926
2023,CAML3,0.28872200000000003
2024,CAML3,0.293204
2015,CATP34,0.604784
2016,CATP34,0.67659
2017,CATP34,0.6191
2018,CATP34,0.7517769999999999
2019,CATP34,0.95058
2020,CATP34,1.009401
2021,CATP34,1.295402
2022,CATP34,1.486343
2023,CATP34,1.550404
2024,CATP34,1.788538
2015,CBEE3,0.000365
2019,CBEE3,0.488144
2020,CBEE3,0.398103
2021,CBEE3,0.070054
2022,CBEE3,0.082461
2017,CBOP11,0.94
2022,CBOP11,4.950000000000001
2023,CBOP11,2.4400000000000013
2024,CBOP11,1.1600000000000001
2015,CCRO3,0.5950190000000001
2016,CCRO3,0.70798
2017,CCRO3,0.636634
2018,CCRO3,0.544466
2019,CCRO3,0.762375
2020,CCRO3,0.481803
2021,CCRO3,0.165981
2022,CCRO3,0.37465099999999996
2023,CCRO3,0.193321
2024,CCRO3,0.216291
2020,CEAB3,0.253477
2018,CEBR3,0.036776
2019,CEBR3,0.009669
2020,CEBR3,0.333629
2021,CEBR3,18.963608
2022,CEBR3,3.541792
2023,CEBR3,4.1430240000000005
2024,CEBR3,1.561471
2015,CEEB3,1.010433
2016,CEEB3,1.2052589999999999
2017,CEEB3,0.579312
2018,CEEB3,0.473348
2019,CEEB3,4.1477319999999995
2020,CEEB3,0.499086
2021,CEEB3,6.032877
2022,CEEB3,6.445661
2023,CEEB3,4.563164
2024,CEEB3,3.171206
2015,CEEB5,1.035955
2016,CEEB5,1.235703
2017,CEEB5,0.593945
2018,CEEB5,0.473348
2019,CEEB5,4.1477319999999995
2020,CEEB5,0.499086
2021,CEEB5,3.512398
2022,CEEB5,6.445661
2023,CEEB5,4.563164
2024,CEEB5,3.171206
2022,CEOC11,4.471029
2023,CEOC11,6.193335
2024,CEOC11,5.271552999999999
2015,CGAS3,5.142872
2016,CGAS3,10.742972
2017,CGAS3,9.617083000000001
2018,CGAS3,4.357115
2019,CGAS3,14.850535
2020,CGAS3,9.393959
2021,CGAS3,12.187339999999999
2022,CGAS3,13.239635
2023,CGAS3,3.1554130000000002
2024,CGAS3,20.161785
2015,CGAS5,5.647579
2016,CGAS5,11.806899999999999
2017,CGAS5,10.573298
2018,CGAS5,4.792956
2019,CGAS5,16.335587
2020,CGAS5,10.333355999999998
2021,CGAS5,13.406073000000001
2022,CGAS5,10.554414000000001
2023,CGAS5,3.470954
2024,CGAS5,22.177964000000003
2015,CGRA3,0.843235
2016,CGRA3,1.175228
2018,CGRA3,2.38568
2019,CGRA3,1.304329
2020,CGRA3,1.720306
2021,CGRA3,1.3524319999999999
2022,CGRA3,3.3789500000000006
2023,CGRA3,2.702486
2024,CGRA3,2.686184
2015,CGRA4,0.841799
2016,CGRA4,1.173226
2018,CGRA4,2.381615
2019,CGRA4,1.302107
2020,CGRA4,1.7173749999999999
2021,CGRA4,1.350128
2022,CGRA4,3.3731929999999997
2023,CGRA4,2.702486
2024,CGRA4,2.686184
2015,CHVX34,1.803732
2016,CHVX34,1.481995
2017,CHVX34,1.3842250000000003
2018,CHVX34,1.678981
2019,CHVX34,1.8993360000000001
2020,CHVX34,2.6436100000000002
2021,CHVX34,2.8703190000000003
2022,CHVX34,2.8851560000000003
2023,CHVX34,4.695734
2024,CHVX34,3.587663
2015,CLSC4,1.967444
2016,CLSC4,1.002209
2018,CLSC4,0.509906
2019,CLSC4,1.054768
2020,CLSC4,1.924841
2021,CLSC4,6.813834
2022,CLSC4,2.798098
2023,CLSC4,6.8900380000000006
2024,CLSC4,6.498302000000001
2015,CMCS34,0.292103
2016,CMCS34,0.35142199999999996
2017,CMCS34,0.38826700000000003
2018,CMCS34,0.658375
2019,CMCS34,0.494916
2020,CMCS34,0.860729
2021,CMCS34,0.80225
2022,CMCS34,1.107348
2023,CMCS34,1.04288
2024,CMCS34,0.919975
2015,CMIG3,0.224519
2016,CMIG3,0.401283
2017,CMIG3,0.060643
2018,CMIG3,0.088993
2019,CMIG3,0.369615
2020,CMIG3,0.17448999999999998
2021,CMIG3,0.810095
2022,CMIG3,1.9660259999999998
2023,CMIG3,0.992866
2024,CMIG3,1.384902
2015,CMIG4,0.222784
2016,CMIG4,0.39818299999999995
2017,CMIG4,0.060174
2018,CMIG4,0.328424
2019,CMIG4,0.369615
2020,CMIG4,0.17448999999999998
2021,CMIG4,0.810095
2022,CMIG4,1.506473
2023,CMIG4,0.992866
2024,CMIG4,1.398817
2019,CNES11,1.182073
2020,CNES11,2.9530579999999995
2021,CNES11,1.3736230000000003
2022,CNES11,1.245356
2023,CNES11,1.0986690000000001
2024,CNES11,0.321837
2015,COCA34,0.7802359999999999
2016,COCA34,0.572776
2017,COCA34,0.79423
2018,COCA34,0.981019
2019,COCA34,1.062734
2020,COCA34,0.981244
2021,COCA34,1.1627420000000002
2022,COCA34,1.502454
2023,COCA34,1.52053
2024,COCA34,1.64865
2015,COCE3,0.537018
2016,COCE3,0.926047
2017,COCE3,1.992162
2018,COCE3,1.091631
2019,COCE3,1.870151
2020,COCE3,2.123713
2021,COCE3,3.616476
2022,COCE3,1.9434620000000002
2023,COCE3,0.307952
2024,COCE3,0.964574
2015,COCE5,0.537018
2016,COCE5,0.926047
2017,COCE5,1.992162
2018,COCE5,1.091631
2019,COCE5,1.870151
2020,COCE5,2.123713
2021,COCE5,3.616476
2022,COCE5,1.9434620000000002
2023,COCE5,0.307952
2024,COCE5,0.964574
2015,COGN3,0.161486
2016,COGN3,0.348723
2017,COGN3,0.42503599999999997
2018,COGN3,0.391718
2019,COGN3,0.120354
2015,COLG34,0.705647
2016,COLG34,0.780408
2017,COLG34,0.718332
2018,COLG34,0.858754
2019,COLG34,0.97332
2020,COLG34,1.230618
2021,COLG34,0.691052
2022,COLG34,1.3746829999999999
2023,COLG34,1.3520649999999999
2024,COLG34,1.508836
2015,COPH34,0.834253
2016,COPH34,0.293181
2017,COPH34,0.28126799999999996
2018,COPH34,0.36197500000000005
2019,COPH34,0.448268
2020,COPH34,0.533148
2021,COPH34,0.676595
2022,COPH34,2.1020090000000002
2023,COPH34,1.2663190000000002
2024,COPH34,0.703908
2015,CORR4,6.148
2016,CORR4,6.148
2017,CORR4,6.148
2018,CORR4,6.148
2021,CORR4,6.148
2023,CORR4,149.73375
2015,COTY34,0.487925
2016,COTY34,0.33175
2017,COTY34,0.8007949999999999
2018,COTY34,0.490124
2019,COTY34,0.991975
2020,COTY34,0.319275
2018,COWC34,0.05418
2019,COWC34,0.252289
2020,COWC34,0.268105
2021,COWC34,0.324277
2022,COWC34,0.553089
2023,COWC34,1.708539
2024,COWC34,0.419195
2016,CPFE3,0.206869
2017,CPFE3,0.217877
2018,CPFE3,0.275259
2019,CPFE3,0.480182
2020,CPFE3,1.800973
2021,CPFE3,3.701428
2022,CPFE3,3.242281
2023,CPFE3,2.885587
2015,CPLE3,0.084351
2016,CPLE3,0.113716
2017,CPLE3,0.176466
2018,CPLE3,0.280086
2019,CPLE3,0.25867
2020,CPLE3,0.281832
2021,CPLE3,0.6567449999999999
2022,CPLE3,0.902585
2023,CPLE3,0.304025
2024,CPLE3,0.385905
2015,CPLE6,0.092777
2016,CPLE6,0.125438
2017,CPLE6,0.194287
2018,CPLE6,0.30805099999999996
2019,CPLE6,0.284493
2020,CPLE6,0.309929
2021,CPLE6,1.201985
2022,CPLE6,0.992572
2023,CPLE6,0.334427
2024,CPLE6,0.424496
2017,CPTS11B,0.158182
2022,CPTS11B,1.8620000000000005
2023,CPTS11B,1.758
2024,CPTS11B,0.8959999999999999
2018,CRFB3,0.35160199999999997
2019,CRFB3,0.282293
2020,CRFB3,0.248841
2021,CRFB3,1.192336
2022,CRFB3,0.346248
2023,CRFB3,0.147778
2024,CRFB3,0.094829
2016,CRIV3,0.18314
2018,CRIV3,0.044980000000000006
2019,CRIV3,0.02116
2020,CRIV3,0.0349
2022,CRIV3,0.02505
2015,CRIV4,0.31950999999999996
2016,CRIV4,0.35971
2017,CRIV4,0.35977000000000003
2018,CRIV4,0.37646999999999997
2019,CRIV4,0.32342000000000004
2020,CRIV4,0.48649
2021,CRIV4,0.45359000000000005
2022,CRIV4,0.46146
2023,CRIV4,0.47977000000000003
2024,CRIV4,0.24276
2016,CRPG5,0.192
2017,CRPG5,0.248
2018,CRPG5,3.796614
2019,CRPG5,0.61133
2020,CRPG5,0.139292
2021,CRPG5,5.758849
2022,CRPG5,4.755181
2023,CRPG5,4.945289
2024,CRPG5,0.289468
2016,CRPG6,0.192
2017,CRPG6,0.248
2018,CRPG6,3.796614
2019,CRPG6,0.61133
2020,CRPG6,0.139292
2021,CRPG6,4.035824999999999
2022,CRPG6,4.7551820000000005
2023,CRPG6,4.945289
2024,CRPG6,0.278573
2015,CSAN3,0.16939500000000002
2016,CSAN3,0.538346
2017,CSAN3,0.232915
2018,CSAN3,0.277158
2019,CSAN3,0.249943
2020,CSAN3,0.374438
2021,CSAN3,0.6322669999999999
2022,CSAN3,0.42811
2023,CSAN3,0.42858
2024,CSAN3,0.451477
2015,CSCO34,0.527682
2016,CSCO34,0.689192
2017,CSCO34,0.71902
2018,CSCO34,0.902895
2019,CSCO34,1.075883
2020,CSCO34,1.353936
2021,CSCO34,1.5700450000000001
2022,CSCO34,1.578018
2023,CSCO34,1.41971
2024,CSCO34,1.175618
2015,CSMG3,0.029139
2016,CSMG3,0.22271300000000002
2017,CSMG3,0.697913
2018,CSMG3,1.3416360000000003
2019,CSMG3,0.5757450000000001
2020,CSMG3,2.991809
2021,CSMG3,0.944719
2022,CSMG3,0.384332
2023,CSMG3,2.8930129999999994
2024,CSMG3,2.3532759999999997
2015,CSNA3,0.404991
2019,CSNA3,0.949913
2020,CSNA3,0.017742
2021,CSNA3,1.920959
2022,CSNA3,2.5804579999999997
2023,CSNA3,1.328824
2024,CSNA3,1.2668789999999999
2015,CTGP34,0.091291
2016,CTGP34,0.241377
2017,CTGP34,0.510648
2018,CTGP34,0.958907
2019,CTGP34,1.285279
2020,CTGP34,4.044641
2021,CTGP34,1.829643
2022,CTGP34,1.721047
2023,CTGP34,1.598598
2024,CTGP34,1.3643420000000002
2015,CTSA3,0.008158
2017,CTSA3,0.042236
2018,CTSA3,2.935372
2019,CTSA3,0.45095
2020,CTSA3,0.121748
2022,CTSA3,0.217084
2015,CTSA4,0.008974
2017,CTSA4,0.046459
2018,CTSA4,3.228908
2019,CTSA4,0.496044
2020,CTSA4,0.047288
2022,CTSA4,0.238792
2018,CTSH34,0.77426
2019,CTSH34,3.20138
2020,CTSH34,4.549556000000001
2021,CTSH34,5.164296
2022,CTSH34,5.479704
2023,CTSH34,5.380287
2024,CTSH34,4.607122
2017,CTXT11,0.963642
2022,CVBI11,10.849873
2023,CVBI11,10.35
2024,CVBI11,11.09
2015,CVCB3,0.488681
2016,CVCB3,0.7489300000000001
2017,CVCB3,0.37504000000000004
2018,CVCB3,0.412174
2019,CVCB3,0.36550900000000003
2018,CVSH34,0.18525
2019,CVSH34,0.7738550000000001
2020,CVSH34,0.7560799999999999
2021,CVSH34,0.8078400000000001
2022,CVSH34,1.137275
2023,CVSH34,1.10434
2024,CVSH34,0.9880190000000001
2017,CXRI11,15.0
2022,CXRI11,4.9799999999999995
2023,CXRI11,6.870000000000001
2024,CXRI11,7.049999999999999
2017,CXTL11,4.9576519999999995
2022,CXTL11,33.754742
2023,CXTL11,195.79970199999997
2024,CXTL11,23.732643
2015,CYRE3,0.041499
2016,CYRE3,0.279175
2017,CYRE3,0.094063
2018,CYRE3,1.119647
2019,CYRE3,1.820894
2020,CYRE3,1.8173599999999999
2021,CYRE3,1.087273
2022,CYRE3,0.564779
2023,CYRE3,0.8446990000000001
2024,CYRE3,0.596783
2015,DASA3,0.062878
2016,DASA3,0.019996
2017,DASA3,0.085043
2018,DASA3,0.135297
2019,DASA3,0.561226
2020,DASA3,0.563433
2021,DASA3,0.586643
2018,DDNB34,5.74826
2019,DDNB34,4.45047
2020,DDNB34,4.593
2021,DDNB34,4.77915
2022,DDNB34,6.82935
2023,DDNB34,6.11119
2024,DDNB34,5.850197
2018,DEAI34,1.349565
2019,DEAI34,6.062605
2020,DEAI34,1.947295
2023,DEAI34,0.834454
2024,DEAI34,1.865609
2015,DHER34,0.037375
2016,DHER34,0.06708399999999999
2017,DHER34,0.06335099999999999
2018,DHER34,0.272076
2019,DHER34,0.096921
2020,DHER34,0.141401
2021,DHER34,0.161783
2022,DHER34,0.18466
2023,DHER34,0.15775699999999998
2024,DHER34,0.151473
2015,DIRR3,0.450585
2016,DIRR3,0.272278
2018,DIRR3,0.609765
2019,DIRR3,0.8763730000000001
2020,DIRR3,0.806662
2021,DIRR3,0.687156
2022,DIRR3,1.165178
2023,DIRR3,0.47
2024,DIRR3,2.06
2015,DISB34,0.338335
2016,DISB34,0.26222
2017,DISB34,0.34360599999999997
2018,DISB34,0.425703
2019,DISB34,0.465784
2023,DISB34,0.068043
2024,DISB34,0.319953
2015,DOHL4,0.0792
2017,DOHL4,0.1584
2018,DOHL4,0.176
2020,DOHL4,0.4257
2021,DOHL4,0.2046
2022,DOHL4,0.132
2016,DUKB34,2.887335
2017,DUKB34,11.178
2018,DUKB34,13.703274
2019,DUKB34,14.771583
2020,DUKB34,14.711934
2021,DUKB34,15.694175
2022,DUKB34,16.202834
2023,DUKB34,17.127624
2024,DUKB34,15.943162000000001
2015,EALT3,0.11952399999999999
2016,EALT3,0.03659
2017,EALT3,0.080899
2018,EALT3,0.086097
2019,EALT3,0.169084
2020,EALT3,0.208017
2021,EALT3,0.156079
2022,EALT3,0.15974
2023,EALT3,0.15692
2024,EALT3,0.186128
2015,EALT4,0.13526
2016,EALT4,0.04025
2017,EALT4,0.088989
2018,EALT4,0.094704
2019,EALT4,0.185992
2020,EALT4,0.360957
2021,EALT4,0.171689
2022,EALT4,0.221982
2023,EALT4,0.17263
2024,EALT4,0.070172
2019,EBAY34,1.1080020000000002
2020,EBAY34,1.254736
2021,EBAY34,1.4464350000000001
2022,EBAY34,2.272952
2023,EBAY34,2.1096310000000003
2024,EBAY34,2.0505560000000003
2015,ECOR3,0.418698
2016,ECOR3,0.260093
2017,ECOR3,0.41712899999999997
2018,ECOR3,0.7132080000000001
2022,ECOR3,0.007587
2023,ECOR3,0.083886
2024,ECOR3,0.194461
2018,ECPR3,10.350974
2019,ECPR3,2.0126
2015,EDGA11,6.4640080000000015
2016,EDGA11,5.699574
2017,EDGA11,1.8320400000000001
2018,EDGA11,1.9193390000000001
2019,EDGA11,2.70039
2020,EDGA11,1.740414
2021,EDGA11,1.6975030000000002
2022,EDGA11,1.535726
2023,EDGA11,1.0832270000000002
2024,EDGA11,0.8772110000000002
2015,EGIE3,0.977241
2016,EGIE3,1.577585
2017,EGIE3,2.173062
2018,EGIE3,3.4715500000000006
2019,EGIE3,2.10938
2020,EGIE3,1.045052
2021,EGIE3,2.7559160000000005
2022,EGIE3,2.989438
2023,EGIE3,2.9014320000000002
2024,EGIE3,2.668449
2015,EKTR4,2.795741
2016,EKTR4,2.326369
2017,EKTR4,1.845711
2019,EKTR4,1.143433
2020,EKTR4,0.361654
2021,EKTR4,1.2513990000000002
2022,EKTR4,4.657385
2023,EKTR4,4.020073
2024,EKTR4,10.892219
2019,ELET3,0.858499
2020,ELET3,1.625384
2021,ELET3,2.3982590000000004
2022,ELET3,0.773505
2023,ELET3,0.220929
2024,ELET3,1.2667739999999998
2015,ELET6,0.103847
2017,ELET6,1.79227
2019,ELET6,1.471306
2020,ELET6,1.787923
2021,ELET6,2.6380920000000003
2022,ELET6,1.614105
2023,ELET6,1.493652
2024,ELET6,3.646128
2016,EMAE4,0.10191
2017,EMAE4,0.447145
2018,EMAE4,1.509356
2019,EMAE4,0.6518269999999999
2020,EMAE4,1.444682
2021,EMAE4,8.081884
2022,EMAE4,0.881294
2023,EMAE4,3.287331
2024,EMAE4,1.632526
2015,EMBR3,0.181875
2016,EMBR3,0.1
2017,EMBR3,0.311908
2018,EMBR3,0.142016
2015,ENGI11,0.5742590000000001
2016,ENGI11,0.39978800000000003
2017,ENGI11,0.56429
2018,ENGI11,0.7776430000000001
2019,ENGI11,1.08
2020,ENGI11,0.6000000000000001
2021,ENGI11,1.75
2022,ENGI11,3.3600000000000003
2023,ENGI11,1.5
2024,ENGI11,2.0
2015,ENGI3,0.259344
2016,ENGI3,0.075828
2017,ENGI3,0.107029
2018,ENGI3,0.147496
2019,ENGI3,0.207746
2020,ENGI3,0.11541399999999999
2021,ENGI3,0.336625
2022,ENGI3,0.646319
2023,ENGI3,0.288536
2024,ENGI3,0.392357
2015,ENGI4,0.273629
2016,ENGI4,0.0802
2017,ENGI4,0.1132
2018,ENGI4,0.156
2019,ENGI4,0.272
2020,ENGI4,0.12
2021,ENGI4,0.35
2022,ENGI4,0.672
2023,ENGI4,0.30000000000000004
2024,ENGI4,0.4
2015,ENMT3,0.099374
2016,ENMT3,0.001423
2018,ENMT3,2.127758
2019,ENMT3,1.1288930000000001
2021,ENMT3,5.485945999999999
2022,ENMT3,3.539866
2023,ENMT3,3.549643
2024,ENMT3,2.749886
2015,ENMT4,0.18448599999999998
2016,ENMT4,0.001422
2017,ENMT4,0.147806
2018,ENMT4,2.2257010000000004
2019,ENMT4,1.128527
2020,ENMT4,0.567615
2021,ENMT4,4.918330999999999
2022,ENMT4,3.539866
2023,ENMT4,3.5496430000000005
2024,ENMT4,2.749886
2015,EQTL3,0.162384
2016,EQTL3,0.184529
2017,EQTL3,0.120649
2018,EQTL3,0.24028100000000002
2019,EQTL3,0.181998
2020,EQTL3,0.317424
2021,EQTL3,0.714276
2022,EQTL3,0.635003
2023,EQTL3,0.335655
2024,EQTL3,0.447248
2022,ERPA11,4.505208
2023,ERPA11,8.52538
2024,ERPA11,9.68
2015,ESUT11,41.54
2017,ESUT11,145.68
2019,ESUT11,302.09000000000003
2020,ESUT11,144.2
2021,ESUT11,145.89
2023,ESUT11,1203.34682
2024,ESUT11,67.48773
2015,ETER3,1.5985410000000002
2021,ETER3,0.241525
2022,ETER3,1.142887
2023,ETER3,0.335971
2024,ETER3,0.25199
2015,EUCA4,0.038036
2016,EUCA4,0.008108
2017,EUCA4,0.053458
2018,EUCA4,0.066593
2019,EUCA4,0.045684
2020,EUCA4,0.098663
2021,EUCA4,0.659627
2023,EUCA4,1.716726
2017,EURO11,2.25
2022,EURO11,16.060000000000002
2023,EURO11,22.479999999999997
2024,EURO11,20.679999999999993
2015,EVEN3,0.262103
2016,EVEN3,0.010732
2020,EVEN3,0.144301
2021,EVEN3,0.830794
2022,EVEN3,0.150012
2023,EVEN3,0.503485
2024,EVEN3,0.60116
2015,EXXO34,7.3473132
2016,EXXO34,7.432237300000001
2017,EXXO34,7.1901209999999995
2018,EXXO34,8.8632721
2019,EXXO34,9.9675765
2020,EXXO34,9.413995
2021,EXXO34,10.1763449
2022,EXXO34,13.303655099999999
2023,EXXO34,11.4178965
2024,EXXO34,10.681856799999998
2015,EZTC3,0.81326
2016,EZTC3,0.777262
2017,EZTC3,3.1038419999999998
2018,EZTC3,0.426108
2019,EZTC3,0.140397
2020,EZTC3,0.294083
2021,EZTC3,0.423955
2022,EZTC3,0.7781
2023,EZTC3,0.20489400000000002
2024,EZTC3,1.0804740000000002
2017,FAED11,1.398708
2022,FAED11,13.707455000000003
2023,FAED11,18.445107000000004
2024,FAED11,18.613535
2017,FCFL11,23.125639999999997
2022,FCFL11,7.35755
2023,FCFL11,10.567414
2024,FCFL11,10.161883
2015,FCXO34,0.452374
2018,FCXO34,0.1827
2019,FCXO34,0.256962
2020,FCXO34,0.070785
2021,FCXO34,0.409057
2022,FCXO34,0.90151
2023,FCXO34,0.666662
2024,FCXO34,0.74459
2015,FDMO34,2.048835
2016,FDMO34,2.14479
2017,FDMO34,1.9080750000000002
2018,FDMO34,2.245395
2019,FDMO34,2.40885
2020,FDMO34,0.67173
2021,FDMO34,0.56339
2022,FDMO34,2.5410700000000004
2023,FDMO34,5.389008
2024,FDMO34,2.26318
2015,FDXB34,3.4006999999999996
2016,FDXB34,4.7608749999999995
2017,FDXB34,6.0893
2018,FDXB34,9.163525
2019,FDXB34,10.30445
2020,FDXB34,13.757965
2021,FDXB34,15.777255
2022,FDXB34,20.088675
2023,FDXB34,22.646251
2024,FDXB34,22.904529
2015,FESA3,0.20866400000000002
2016,FESA3,0.181115
2017,FESA3,0.198679
2018,FESA3,0.32223700000000005
2019,FESA3,0.30654600000000004
2020,FESA3,0.210982
2021,FESA3,0.190745
2022,FESA3,0.710852
2023,FESA3,0.622807
2024,FESA3,0.47840299999999997
2015,FESA4,0.22953099999999999
2016,FESA4,0.199226
2017,FESA4,0.21854600000000002
2018,FESA4,0.354462
2019,FESA4,0.337207
2020,FESA4,0.23208
2021,FESA4,0.209819
2022,FESA4,0.880734
2023,FESA4,0.685087
2024,FESA4,0.526243
2017,FIGS11,1.666666
2022,FIGS11,3.39
2023,FIGS11,5.380000000000001
2024,FIGS11,5.18
2017,FIIB11,4.76
2022,FIIB11,31.349999999999998
2023,FIIB11,38.449999999999996
2024,FIIB11,42.849999999999994
2022,FISC11,0.72
2023,FISC11,4.46
2024,FISC11,4.739999999999999
2017,FIXX11,1.35
2017,FLMA11,0.545
2022,FLMA11,7.8
2023,FLMA11,9.120000000000001
2024,FLMA11,12.35
2015,FLRP11,56.08579600000001
2016,FLRP11,65.606315
2017,FLRP11,73.034156
2018,FLRP11,83.58970400000001
2019,FLRP11,87.5323
2020,FLRP11,61.006974
2021,FLRP11,67.396724
2022,FLRP11,109.079571
2023,FLRP11,158.0
2024,FLRP11,162.5
2015,FLRY3,0.048898
2016,FLRY3,1.15438
2017,FLRY3,0.390028
2018,FLRY3,0.906802
2019,FLRY3,0.956813
2020,FLRY3,0.694757
2021,FLRY3,0.997928
2022,FLRY3,0.9498010000000001
2023,FLRY3,0.434801
2024,FLRY3,0.6989110000000001
2017,FMOF11,0.48000000000000004
2022,FMOF11,0.14
2023,FMOF11,0.45999999999999996
2024,FMOF11,0.96
2017,FMXB34,2.099494
2018,FMXB34,2.584181
2019,FMXB34,6.350251
2020,FMXB34,7.710783
2021,FMXB34,6.092149
2022,FMXB34,8.716556
2023,FMXB34,14.671337999999999
2024,FMXB34,15.924843999999998
2017,FOFT11,1.1
2017,FPAB11,3.7
2022,FPAB11,14.469999999999999
2023,FPAB11,19.589999999999996
2024,FPAB11,10.98
2022,FPNG11,5.924440000000001
2023,FPNG11,7.361336
2024,FPNG11,1.297387
2015,FRAS3,0.129359
2016,FRAS3,0.105024
2017,FRAS3,0.289097
2018,FRAS3,0.225623
2019,FRAS3,0.291358
2020,FRAS3,0.17051
2021,FRAS3,0.292811
2022,FRAS3,0.35143
2023,FRAS3,0.47353
2024,FRAS3,0.6506259999999999
2022,FTCE11B,135.4094
2023,FTCE11B,85.90082
2024,FTCE11B,91.78798
2017,FVPQ11,1.78344
2022,FVPQ11,6.33
2023,FVPQ11,12.774999999999999
2024,FVPQ11,6.670000000000001
2015,GDBR34,2.640975
2016,GDBR34,10.375671
2017,GDBR34,10.470659999999999
2018,GDBR34,13.107164999999998
2019,GDBR34,15.85221
2020,GDBR34,22.54802
2021,GDBR34,24.814989999999998
2022,GDBR34,25.823643999999998
2023,GDBR34,26.023166
2024,GDBR34,22.737526
2015,GEOO34,26.237296
2016,GEOO34,24.359384
2017,GEOO34,21.366048000000003
2018,GEOO34,10.761864
2019,GEOO34,1.2769279999999998
2020,GEOO34,1.751912
2021,GEOO34,1.7295440000000002
2022,GEOO34,1.2653599999999998
2023,GEOO34,1.354458
2024,GEOO34,607.522272
2015,GEPA3,1.851391
2016,GEPA3,3.9370689999999997
2017,GEPA3,3.89386
2018,GEPA3,2.5695230000000002
2019,GEPA3,4.838697
2020,GEPA3,1.886301
2021,GEPA3,2.939902
2022,GEPA3,1.339268
2023,GEPA3,4.095757
2024,GEPA3,5.993650000000001
2015,GEPA4,2.08431
2016,GEPA4,3.70415
2017,GEPA4,3.89386
2018,GEPA4,2.5695230000000002
2019,GEPA4,4.838697
2020,GEPA4,1.886301
2021,GEPA4,2.939902
2022,GEPA4,1.339268
2023,GEPA4,4.095757
2024,GEPA4,5.993650000000001
2016,GFSA3,3.483889
2015,GGBR3,0.174604
2016,GGBR3,0.039683
2017,GGBR3,0.039683
2018,GGBR3,0.301588
2019,GGBR3,0.222223
2020,GGBR3,0.253969
2021,GGBR3,2.4365069999999998
2022,GGBR3,2.8809519999999997
2023,GGBR3,1.33373
2024,GGBR3,0.7833330000000001
2015,GGBR4,0.174604
2016,GGBR4,0.039683
2017,GGBR4,0.039683
2018,GGBR4,0.301588
2019,GGBR4,0.222223
2020,GGBR4,0.253969
2021,GGBR4,2.4365069999999998
2022,GGBR4,2.8809519999999997
2023,GGBR4,1.33373
2024,GGBR4,0.7833330000000001
2017,GGRC11,0.161779
2022,GGRC11,0.752449
2023,GGRC11,1.161865
2024,GGRC11,1.114464
2017,GILD34,3.3363460000000003
2018,GILD34,4.28979
2019,GILD34,5.046427
2020,GILD34,7.272532000000001
2021,GILD34,7.727179
2022,GILD34,7.574846
2023,GILD34,6.383802
2024,GILD34,5.899488
2016,GMCO34,0.309605
2017,GMCO34,1.22631
2018,GMCO34,1.423291
2019,GMCO34,1.510159
2020,GMCO34,0.482496
2022,GMCO34,0.237771
2023,GMCO34,0.381564
2024,GMCO34,0.461756
2015,GOAU3,0.11000000000000001
2017,GOAU3,0.02
2018,GOAU3,0.2
2019,GOAU3,0.15
2020,GOAU3,0.18
2021,GOAU3,2.3200000000000003
2022,GOAU3,1.25
2023,GOAU3,1.59
2024,GOAU3,0.45
2015,GOAU4,0.11000000000000001
2017,GOAU4,0.02
2018,GOAU4,0.2
2019,GOAU4,0.15
2020,GOAU4,0.18
2021,GOAU4,2.3200000000000003
2022,GOAU4,1.25
2023,GOAU4,1.59
2024,GOAU4,0.45
2024,GOGL34,0.194685
2024,GOGL35,0.196316
2020,GPAR3,0.912336
2021,GPAR3,0.052843
2022,GPAR3,15.670231999999999
2018,GPSI34,0.899214
2019,GPSI34,1.808929
2020,GPSI34,1.014402
2021,GPSI34,2.582686
2022,GPSI34,2.208237
2023,GPSI34,2.7498030000000004
2024,GPSI34,2.226763
2017,GRLV11,1.42
2015,GRND3,0.288803
2016,GRND3,0.347681
2017,GRND3,0.273503
2018,GRND3,0.212205
2019,GRND3,0.320791
2020,GRND3,0.167684
2021,GRND3,0.865463
2022,GRND3,0.305591
2023,GRND3,0.27397900000000003
2024,GRND3,0.409481
2015,GSGI34,0.305139
2016,GSGI34,0.287813
2017,GSGI34,0.310399
2018,GSGI34,0.395869
2019,GSGI34,0.556516
2020,GSGI34,0.676196
2021,GSGI34,0.94634
2022,GSGI34,1.5632220000000001
2023,GSGI34,1.463379
2024,GSGI34,1.4574529999999999
2019,GSHP3,110.50666
2022,GTWR11,5.920000000000001
2023,GTWR11,9.48
2024,GTWR11,9.48
2015,GUAR3,0.259263
2016,GUAR3,0.17377499999999999
2017,GUAR3,0.1457
2018,GUAR3,0.5742889999999999
2019,GUAR3,0.40074699999999996
2020,GUAR3,0.8829
2021,GUAR3,0.47000000000000003
2022,GUAR3,0.1405
2024,GUAR3,0.1202
2022,HABT11,10.3
2023,HABT11,13.77
2024,HABT11,12.18
2015,HALI34,2.570724
2016,HALI34,2.429334
2017,HALI34,2.321658
2018,HALI34,2.720196
2019,HALI34,2.884482
2020,HALI34,1.63471
2021,HALI34,0.970385
2022,HALI34,2.4679680000000004
2023,HALI34,2.713197
2024,HALI34,2.636691
2018,HAPV3,0.036864
2019,HAPV3,0.055402999999999994
2020,HAPV3,0.065052
2021,HAPV3,0.065094
2015,HBOR3,1.83784
2016,HBOR3,0.302585
2021,HBOR3,0.047463
2022,HBOR3,0.180718
2023,HBOR3,0.091379
2024,HBOR3,0.091013
2015,HBTS5,1.331977
2016,HBTS5,0.668283
2017,HBTS5,0.536833
2018,HBTS5,0.0454
2019,HBTS5,0.08153
2020,HBTS5,0.048873
2021,HBTS5,0.161965
2022,HBTS5,1.1552
2023,HBTS5,2.390209
2024,HBTS5,3.039909
2015,HCRI11,22.935026999999998
2016,HCRI11,26.156232999999997
2017,HCRI11,27.696859999999997
2018,HCRI11,29.47936
2019,HCRI11,30.630745
2020,HCRI11,32.241731
2021,HCRI11,36.546303
2022,HCRI11,18.963226
2023,HCRI11,33.207758
2024,HCRI11,32.097481
2022,HCTR11,12.069999999999999
2023,HCTR11,6.420499999999999
2024,HCTR11,4.138
2022,HFOF11,5.5
2023,HFOF11,7.549999999999999
2024,HFOF11,7.41
2017,HGBS11,2.028788
2022,HGBS11,10.293852000000001
2023,HGBS11,19.493136
2024,HGBS11,20.500000000000004
2017,HGCR11,1.457654
2022,HGCR11,10.498169999999998
2023,HGCR11,13.7
2024,HGCR11,11.449999999999998
2022,HGFF11,5.73
2023,HGFF11,8.0
2024,HGFF11,8.4
2017,HGLG11,1.708722
2022,HGLG11,11.942126000000002
2023,HGLG11,14.61714
2024,HGLG11,13.199999999999998
2022,HGPO11,13.299999999999999
2023,HGPO11,18.9
2024,HGPO11,17.799999999999997
2017,HGRE11,1.88
2022,HGRE11,6.9300000000000015
2023,HGRE11,10.299999999999999
2024,HGRE11,10.499999999999998
2022,HGRU11,7.691058999999999
2023,HGRU11,11.764551
2024,HGRU11,12.080707000000002
2015,HOME34,0.298313
2016,HOME34,0.336841
2017,HOME34,0.40652
2018,HOME34,0.554166
2019,HOME34,0.7764580000000001
2020,HOME34,1.107129
2021,HOME34,1.281031
2022,HOME34,1.3892319999999998
2023,HOME34,1.2587869999999999
2024,HOME34,1.2152919999999998
2016,HONB34,6.258559
2017,HONB34,8.75937
2018,HONB34,11.405403
2019,HONB34,13.40454
2020,HONB34,18.140729999999998
2021,HONB34,15.06042
2022,HONB34,20.345725
2023,HONB34,19.013355000000004
2024,HONB34,18.101669
2015,HPQB34,2.235992
2016,HPQB34,1.693336
2017,HPQB34,1.717288
2018,HPQB34,2.149285
2019,HPQB34,2.594975
2020,HPQB34,2.8458069999999998
2021,HPQB34,3.5037860000000003
2022,HPQB34,5.227694
2023,HPQB34,4.509603
2024,HPQB34,5.205939
2015,HSHY34,0.453504
2016,HSHY34,1.645878
2017,HSHY34,1.631597
2018,HSHY34,2.07868
2019,HSHY34,2.3778940000000004
2020,HSHY34,3.245645
2021,HSHY34,3.679124
2022,HSHY34,4.037685
2023,HSHY34,3.729862
2024,HSHY34,4.172561
2022,HSML11,5.813093000000001
2023,HSML11,8.774480000000002
2024,HSML11,9.517796
2019,HTMX11,2.955902
2020,HTMX11,1.762091
2022,HTMX11,3.9446829999999995
2023,HTMX11,20.071666999999998
2024,HTMX11,26.315951000000002
2022,HUSC11,7.46
2023,HUSC11,10.75
2024,HUSC11,9.700000000000001
2016,HYPE3,0.5
2017,HYPE3,0.650897
2018,HYPE3,1.888269
2019,HYPE3,1.06995
2020,HYPE3,1.17318
2021,HYPE3,1.23387
2022,HYPE3,1.23197
2023,HYPE3,1.23144
2024,HYPE3,1.0705500000000001
2022,IBFF11,72.065646
2015,IBMB34,17.666890000000002
2016,IBMB34,18.8462
2017,IBMB34,18.8877
2018,IBMB34,23.249425000000002
2019,IBMB34,25.52408
2020,IBMB34,32.446705
2021,IBMB34,35.44034
2022,IBMB34,33.89212
2023,IBMB34,30.560627
2024,IBMB34,31.093626999999998
2017,IRBR3,4.462064
2018,IRBR3,4.505039999999999
2019,IRBR3,21.14318
2020,IRBR3,0.8699560000000001
2022,IRDM11,10.000327
2023,IRDM11,10.16959
2024,IRDM11,9.08
2015,ITLC34,0.54664
2016,ITLC34,0.615814
2017,ITLC34,0.57047
2018,ITLC34,0.7487500000000001
2019,ITLC34,0.840893
2020,ITLC34,1.125185
2021,ITLC34,0.922085
2022,ITLC34,0.914417
2023,ITLC34,0.590047
2024,ITLC34,0.23163
2015,ITSA3,0.33530299999999996
2016,ITSA3,0.413061
2017,ITSA3,0.22364
2018,ITSA3,0.7034199999999999
2019,ITSA3,0.689135
2020,ITSA3,0.33898599999999995
2021,ITSA3,0.353645
2022,ITSA3,0.570801
2023,ITSA3,0.546884
2024,ITSA3,0.644073
2015,ITSA4,0.28857200000000005
2016,ITSA4,0.414303
2017,ITSA4,0.346067
2018,ITSA4,0.719477
2019,ITSA4,0.576544
2020,ITSA4,0.36525599999999997
2021,ITSA4,0.348213
2022,ITSA4,0.574166
2023,ITSA4,0.536226
2024,ITSA4,0.6562390000000001
2015,ITUB3,0.9048459999999999
2016,ITUB3,1.063601
2017,ITUB3,0.9992660000000001
2018,ITUB3,0.6491330000000002
2019,ITUB3,1.5075599999999991
2020,ITUB3,0.7800600000000002
2021,ITUB3,0.906698
2022,ITUB3,1.01814
2023,ITUB3,1.2566399999999998
2024,ITUB3,2.413265
2015,ITUB4,0.9048459999999999
2016,ITUB4,1.063601
2017,ITUB4,0.9992660000000001
2018,ITUB4,1.9706
2019,ITUB4,1.5145599999999997
2020,ITUB4,0.8203600000000002
2021,ITUB4,0.906698
2022,ITUB4,1.01814
2023,ITUB4,1.2566399999999998
2024,ITUB4,2.413265
2015,JBSS3,0.16738
2016,JBSS3,0.405459
2017,JBSS3,0.032978
2018,JBSS3,0.046776
2019,JBSS3,0.002245
2020,JBSS3,0.540595
2021,JBSS3,4.01802
2022,JBSS3,2.0
2023,JBSS3,1.0
2024,JBSS3,3.0
2019,JHSF3,0.19956600000000002
2020,JHSF3,0.14590799999999998
2021,JHSF3,0.39383999999999997
2022,JHSF3,0.208704
2023,JHSF3,0.499077
2024,JHSF3,0.370922
2015,JNJB34,0.67552
2016,JNJB34,0.7159
2017,JNJB34,0.711943
2018,JNJB34,0.882332
2019,JNJB34,0.9905269999999999
2020,JNJB34,0.975565
2021,JNJB34,1.1154700000000002
2022,JNJB34,1.501021
2023,JNJB34,1.4327230000000002
2024,JNJB34,1.369036
2015,JOPA3,0.55221
2016,JOPA3,0.65029
2017,JOPA3,0.82582
2018,JOPA3,0.515145
2019,JOPA3,0.648882
2020,JOPA3,0.574857
2021,JOPA3,0.856149
2022,JOPA3,0.826965
2023,JOPA3,0.8215
2024,JOPA3,0.433187
2015,JOPA4,0.60743
2016,JOPA4,0.71532
2017,JOPA4,0.9084
2018,JOPA4,0.566659
2019,JOPA4,0.71377
2020,JOPA4,0.632344
2021,JOPA4,0.941763
2022,JOPA4,0.909662
2023,JOPA4,0.903651
2024,JOPA4,0.476506
2015,JPMC34,0.5491079999999999
2016,JPMC34,0.6431
2017,JPMC34,0.645323
2018,JPMC34,0.881776
2019,JPMC34,1.269765
2020,JPMC34,1.853109
2021,JPMC34,1.525511
2022,JPMC34,2.0675600000000003
2023,JPMC34,1.856782
2024,JPMC34,1.7389890000000001
2022,JPPC11,7.17
2024,JPPC11,75.06
2021,JSLG3,0.293825
2022,JSLG3,0.45223800000000003
2023,JSLG3,0.316868
2024,JSLG3,0.09892
2017,JSRE11,2.0
2022,JSRE11,4.4
2023,JSRE11,5.58
2024,JSRE11,5.700000000000001
2015,KEPL3,0.226933
2016,KEPL3,0.017033
2019,KEPL3,0.04174
2020,KEPL3,0.091141
2021,KEPL3,1.706239
2022,KEPL3,0.672198
2023,KEPL3,0.859165
2024,KEPL3,0.686331
2015,KHCB34,1.118606
2016,KHCB34,1.966071
2017,KHCB34,1.956757
2018,KHCB34,2.365001
2019,KHCB34,1.5928099999999998
2020,KHCB34,2.1326
2021,KHCB34,2.1711
2022,KHCB34,2.06685
2023,KHCB34,1.679454
2024,KHCB34,1.881564
2022,KINP11,4.257049
2023,KINP11,8.229923
2015,KLBN11,0.476386
2016,KLBN11,0.444191
2017,KLBN11,0.45377199999999995
2018,KLBN11,0.941548
2019,KLBN11,0.7822899999999999
2020,KLBN11,0.019836
2021,KLBN11,0.332702
2022,KLBN11,1.627289
2023,KLBN11,1.231005
2024,KLBN11,1.277528
2016,KLBN3,0.044669
2017,KLBN3,0.090754
2018,KLBN3,0.188308
2019,KLBN3,0.156457
2020,KLBN3,0.003967
2021,KLBN3,0.066539
2022,KLBN3,0.325458
2023,KLBN3,0.24620200000000003
2024,KLBN3,0.26570699999999997
2015,KLBN4,0.075031
2016,KLBN4,0.088838
2017,KLBN4,0.090754
2018,KLBN4,0.188308
2019,KLBN4,0.156457
2020,KLBN4,0.003967
2021,KLBN4,0.066539
2022,KLBN4,0.325458
2023,KLBN4,0.24620200000000003
2024,KLBN4,0.26570699999999997
2015,KMBB34,6.978400000000001
2016,KMBB34,12.59443
2017,KMBB34,12.362262000000001
2018,KMBB34,14.6863
2019,KMBB34,16.31108
2020,KMBB34,16.990955
2021,KMBB34,18.495359999999998
2022,KMBB34,23.84786
2023,KMBB34,20.206187999999997
2024,KMBB34,20.792775
2017,KNCR11,1.291248
2022,KNCR11,9.800627
2023,KNCR11,13.522299
2024,KNCR11,11.767758999999998
2022,KNHY11,9.411920000000002
2023,KNHY11,12.798221000000003
2024,KNHY11,13.0863
2017,KNIP11,1.4100000000000001
2022,KNIP11,9.020000000000001
2023,KNIP11,9.719999999999999
2024,KNIP11,10.289999999999997
2017,KNRE11,0.19781
2022,KNRE11,0.754833
2023,KNRE11,0.107833
2017,KNRI11,1.834112
2022,KNRI11,7.8547839999999995
2023,KNRI11,12.081226999999998
2024,KNRI11,11.990403
2017,LATR11B,8.913192
2018,LATR11B,2.237595
2023,LATR11B,9.9985
2015,LEVE3,1.322532
2016,LEVE3,0.615147
2017,LEVE3,0.561139
2018,LEVE3,1.767162
2019,LEVE3,2.12496
2020,LEVE3,0.091529
2021,LEVE3,0.9151849999999999
2022,LEVE3,3.641876
2023,LEVE3,9.056066
2024,LEVE3,2.362324
2015,LIGT3,0.750752
2016,LIGT3,0.035469
2018,LIGT3,0.103929
2019,LIGT3,0.18776
2021,LIGT3,0.325845
2022,LIGT3,0.187404
2015,LILY34,0.23282599999999998
2016,LILY34,0.23261700000000002
2017,LILY34,0.22236
2018,LILY34,0.281698
2019,LILY34,0.343063
2020,LILY34,0.36593699999999996
2021,LILY34,0.452537
2022,LILY34,0.504572
2023,LILY34,0.691272
2024,LILY34,0.649977
2016,LIPR3,0.11744
2017,LIPR3,0.719498
2018,LIPR3,4.788921
2019,LIPR3,0.271467
2021,LIPR3,1.105072
2022,LIPR3,0.212516
2023,LIPR3,2.46673
2024,LIPR3,0.391648
2015,LMTB34,22.03875
2016,LMTB34,22.82158
2017,LMTB34,23.93337
2018,LMTB34,30.652099999999997
2019,LMTB34,35.7188
2020,LMTB34,53.264720000000004
2021,LMTB34,56.36546
2022,LMTB34,58.937400000000004
2023,LMTB34,54.773775
2024,LMTB34,53.11898
2019,LOGG3,0.139977
2020,LOGG3,0.211742
2021,LOGG3,0.325427
2022,LOGG3,0.866635
2023,LOGG3,0.917768
2024,LOGG3,2.415296
2015,LPSB3,0.001303
2022,LPSB3,0.075575
2023,LPSB3,0.020692
2024,LPSB3,0.040636
2015,LREN3,0.252678
2016,LREN3,0.32606900000000005
2017,LREN3,0.293078
2018,LREN3,0.35404800000000003
2019,LREN3,0.717653
2020,LREN3,0.279276
2021,LREN3,0.475087
2022,LREN3,0.651876
2023,LREN3,0.713738
2024,LREN3,0.606102
2015,LUXM4,0.108184
2016,LUXM4,0.119167
2017,LUXM4,0.187985
2018,LUXM4,0.099103
2019,LUXM4,0.467804
2020,LUXM4,1.167743
2021,LUXM4,0.40178200000000003
2022,LUXM4,0.174085
2023,LUXM4,0.59453
2024,LUXM4,0.22243
2018,MACY34,4.387455
2019,MACY34,5.977485
2020,MACY34,1.962282
2021,MACY34,1.66452
2022,MACY34,3.2432570000000003
2023,MACY34,2.8039500000000004
2024,MACY34,2.667356
2015,MAXR11,112.56392299999997
2016,MAXR11,125.23907600000001
2017,MAXR11,151.654627
2018,MAXR11,169.22985300000002
2019,MAXR11,220.42348
2020,MAXR11,135.290919
2021,MAXR11,52.88400999999999
2022,MAXR11,7.674845000000002
2023,MAXR11,8.144703
2024,MAXR11,21.871876
2022,MBRF11,91.5
2023,MBRF11,66.0
2024,MBRF11,52.29
2015,MCDC34,0.6052139999999999
2016,MCDC34,0.633729
2017,MCDC34,0.6152789999999999
2018,MCDC34,0.787964
2019,MCDC34,0.9394910000000001
2020,MCDC34,1.296296
2021,MCDC34,1.416155
2022,MCDC34,1.471781
2023,MCDC34,1.325792
2024,MCDC34,1.31114
2015,MDIA3,0.406667
2016,MDIA3,0.516667
2017,MDIA3,0.560471
2018,MDIA3,0.410029
2020,MDIA3,0.707964
2021,MDIA3,0.2
2022,MDIA3,1.9966260000000002
2023,MDIA3,0.630364
2024,MDIA3,0.24
2015,MDLZ34,0.325287
2016,MDLZ34,0.605492
2017,MDLZ34,1.293643
2018,MDLZ34,1.769026
2019,MDLZ34,2.176593
2020,MDLZ34,3.2147020000000004
2021,MDLZ34,3.60869
2022,MDLZ34,3.7632600000000003
2023,MDLZ34,3.362825
2024,MDLZ34,3.501175
2016,MDTC34,1.3611010000000001
2018,MDTC34,1.86375
2019,MDTC34,4.228846
2020,MDTC34,6.134216
2021,MDTC34,6.7311060000000005
2022,MDTC34,6.956359
2023,MDTC34,5.924056
2024,MDTC34,5.787675999999999
2018,MEAL3,0.005355
2019,MEAL3,0.011781
2015,MERC4,0.248
2016,MERC4,0.494118
2017,MERC4,0.494118
2018,MERC4,0.541176
2019,MERC4,0.49412
2020,MERC4,0.494117
2021,MERC4,0.516972
2022,MERC4,0.456129
2023,MERC4,0.45
2024,MERC4,0.529411
2015,METB34,1.464375
2016,METB34,7.9254999999999995
2017,METB34,5.1518
2018,METB34,6.23968
2019,METB34,6.889539999999999
2020,METB34,6.9443
2021,METB34,7.676640000000001
2022,METB34,10.285079999999999
2023,METB34,9.423234
2024,METB34,9.812846
2017,MFII11,2.338234
2021,MFII11,2.478128
2022,MFII11,12.480571999999999
2023,MFII11,13.197434000000001
2024,MFII11,14.2
2022,MGFF11,5.0600000000000005
2023,MGFF11,6.261607
2024,MGFF11,4.260486
2015,MGLU3,0.054666
2017,MGLU3,0.152943
2018,MGLU3,0.0773
2019,MGLU3,0.453577
2020,MGLU3,0.549872
2021,MGLU3,0.144919
2021,MILS3,0.187363
2022,MILS3,0.26228
2023,MILS3,0.298081
2024,MILS3,0.39453099999999997
2015,MMMC34,3.592394
2016,MMMC34,3.8494519999999994
2017,MMMC34,3.786203
2018,MMMC34,5.0952399999999995
2019,MMMC34,5.685084
2020,MMMC34,5.585889
2021,MMMC34,5.961144
2022,MMMC34,7.709110999999999
2023,MMMC34,6.918919000000001
2024,MMMC34,3.399294
2015,MOAR3,14.692413
2016,MOAR3,7.264582
2017,MOAR3,11.01931
2018,MOAR3,17.549267999999998
2019,MOAR3,13.386419
2020,MOAR3,5.958588
2021,MOAR3,51.668311
2022,MOAR3,14.692413
2023,MOAR3,14.692414
2024,MOAR3,35.384229
2015,MOSC34,0.182027
2016,MOSC34,0.62487
2017,MOSC34,0.315219
2018,MOSC34,0.062088000000000004
2019,MOSC34,0.11582999999999999
2020,MOSC34,0.130866
2021,MOSC34,0.19871999999999998
2022,MOSC34,0.499178
2023,MOSC34,0.781157
2024,MOSC34,0.5386179999999999
2018,MOVI3,0.366274
2019,MOVI3,0.235805
2020,MOVI3,0.133723
2021,MOVI3,0.520694
2022,MOVI3,0.8467
2023,MOVI3,0.120779
2024,MOVI3,0.153693
2015,MRCK34,0.7974209999999999
2016,MRCK34,0.770696
2017,MRCK34,0.755836
2018,MRCK34,0.922539
2019,MRCK34,1.11758
2020,MRCK34,1.680912
2021,MRCK34,1.817434
2022,MRCK34,1.798029
2023,MRCK34,1.558499
2024,MRCK34,1.509362
2021,MRFG3,4.088451999999999
2022,MRFG3,2.811915
2024,MRFG3,2.824256
2015,MRSA3B,0.506555
2016,MRSA3B,0.1978
2017,MRSA3B,0.558424
2018,MRSA3B,0.616875
2019,MRSA3B,0.697608
2020,MRSA3B,0.673186
2021,MRSA3B,0.287729
2022,MRSA3B,0.467812
2023,MRSA3B,0.584561
2024,MRSA3B,0.807343
2015,MRVE3,0.387787
2016,MRVE3,0.353745
2017,MRVE3,0.63971
2018,MRVE3,1.0299880000000001
2019,MRVE3,1.8525
2020,MRVE3,0.340143
2021,MRVE3,0.6400290000000001
2022,MRVE3,0.395616
2015,MSBR34,0.36593400000000004
2016,MSBR34,0.48867499999999997
2017,MSBR34,0.5679
2018,MSBR34,0.8028949999999999
2019,MSBR34,1.033785
2020,MSBR34,1.07919
2021,MSBR34,2.270005
2022,MSBR34,3.563601
2023,MSBR34,2.995757
2024,MSBR34,2.650219
2015,MSCD34,0.06724
2016,MSCD34,0.08480199999999999
2017,MSCD34,0.09015300000000001
2018,MSCD34,0.116789
2019,MSCD34,0.167295
2020,MSCD34,0.264925
2021,MSCD34,0.303376
2022,MSCD34,0.327114
2023,MSCD34,0.36775599999999997
2024,MSCD34,0.448387
2015,MSFT34,0.18904700000000002
2016,MSFT34,0.209324
2017,MSFT34,0.213491
2018,MSFT34,0.268944
2019,MSFT34,0.312122
2020,MSFT34,0.44121699999999997
2021,MSFT34,0.515389
2022,MSFT34,0.540283
2023,MSFT34,0.490012
2024,MSFT34,0.481974
2016,MSPA3,1.19
2017,MSPA3,5.65
2018,MSPA3,5.15
2019,MSPA3,0.4
2023,MSPA3,0.055418
2024,MSPA3,0.28893
2015,MTSA4,0.55
2016,MTSA4,0.55
2017,MTSA4,0.55
2018,MTSA4,0.65
2019,MTSA4,0.8
2020,MTSA4,0.7575000000000001
2021,MTSA4,2.25874
2022,MTSA4,2.64
2023,MTSA4,3.4650000000000003
2024,MTSA4,2.09
2015,MULT3,0.433744
2016,MULT3,0.168277
2017,MULT3,0.40134400000000003
2018,MULT3,0.319185
2019,MULT3,0.43652100000000005
2020,MULT3,0.605862
2021,MULT3,0.4989
2022,MULT3,0.7168570000000001
2023,MULT3,1.1670099999999999
2024,MULT3,0.623834
2017,MXRF11,0.118148
2022,MXRF11,0.8171940000000001
2023,MXRF11,1.3539889999999999
2024,MXRF11,1.179054
2015,MYPK3,0.29731
2016,MYPK3,0.216945
2017,MYPK3,0.075627
2018,MYPK3,0.9835959999999999
2019,MYPK3,0.185062
2020,MYPK3,0.664118
2021,MYPK3,1.005553
2022,MYPK3,0.8326070000000001
2023,MYPK3,0.30128
2024,MYPK3,0.604644
2020,NCHB11,2.04371
2021,NCHB11,11.352205
2022,NCHB11,15.661782
2023,NCHB11,11.677686
2024,NCHB11,1.9240000000000006
2019,NEOE3,0.278464
2020,NEOE3,0.408714
2021,NEOE3,0.525667
2022,NEOE3,0.798654
2023,NEOE3,1.157102
2024,NEOE3,1.090301
2015,NIKE34,0.206559
2016,NIKE34,0.220515
2017,NIKE34,0.238083
2018,NIKE34,0.309108
2019,NIKE34,0.36318799999999996
2020,NIKE34,0.534431
2021,NIKE34,0.614453
2022,NIKE34,0.642136
2023,NIKE34,0.689778
2024,NIKE34,0.768886
2019,NSLU11,8.454656
2020,NSLU11,26.925095000000006
2021,NSLU11,22.348129
2022,NSLU11,11.103679000000001
2023,NSLU11,16.945149
2024,NSLU11,18.731084
2022,NVHO11,0.631427
2023,NVHO11,1.002535
2024,NVHO11,1.0985239999999998
2015,ODPV3,0.38965299999999997
2016,ODPV3,0.32081499999999996
2017,ODPV3,0.478008
2018,ODPV3,0.255104
2019,ODPV3,0.327633
2020,ODPV3,0.4602200000000001
2021,ODPV3,0.428923
2022,ODPV3,0.30355800000000005
2023,ODPV3,0.23005599999999998
2024,ODPV3,1.082504
2015,OFSA3,0.341583
2016,OFSA3,0.224891
2017,OFSA3,0.11122
2018,OFSA3,0.211687
2019,OFSA3,0.194686
2020,OFSA3,0.438863
2021,OFSA3,0.473472
2022,OFSA3,0.6762889999999999
2023,OFSA3,0.47311200000000003
2024,OFSA3,0.913424
2017,ONEF11,0.65
2022,ONEF11,7.34
2023,ONEF11,13.56
2024,ONEF11,35.371
2015,ORCL34,1.21805425
2016,ORCL34,2.0343997
2017,ORCL34,2.22853917
2018,ORCL34,2.6232383
2019,ORCL34,3.4296617
2020,ORCL34,4.56061797
2021,ORCL34,6.2487087
2022,ORCL34,4.9432881
2023,ORCL34,5.4079024
2024,ORCL34,8.3104759
2017,OUJP11,1.4
2022,OUJP11,11.649999999999999
2023,OUJP11,14.049999999999999
2024,OUJP11,10.590000000000002
2022,OULG11B,0.540015
2023,OULG11B,4.859999999999999
2024,OULG11B,0.3
2022,PATC11,14.190000000000001
2023,PATC11,12.44
2024,PATC11,3.06
2015,PATI3,0.135473
2016,PATI3,0.083578
2017,PATI3,0.121453
2018,PATI3,0.145084
2019,PATI3,0.63461
2020,PATI3,0.316384
2021,PATI3,1.811036
2022,PATI3,2.911122
2023,PATI3,0.48309
2024,PATI3,5.058923
2015,PATI4,0.813542
2016,PATI4,0.832933
2017,PATI4,0.867248
2018,PATI4,0.902224
2019,PATI4,1.056034
2020,PATI4,2.4691549999999998
2021,PATI4,1.811036
2022,PATI4,2.911122
2023,PATI4,2.107574
2024,PATI4,7.121479
2015,PEAB3,2.518438
2016,PEAB3,1.214297
2017,PEAB3,2.87132
2018,PEAB3,3.134546
2019,PEAB3,3.8883609999999997
2020,PEAB3,32.116752
2021,PEAB3,12.779611
2022,PEAB3,1.85951
2023,PEAB3,0.296455
2024,PEAB3,1.266795
2015,PEAB4,2.770282
2016,PEAB4,1.335727
2017,PEAB4,3.158452
2018,PEAB4,3.448001
2019,PEAB4,4.277197
2020,PEAB4,35.328427000000005
2021,PEAB4,12.427078
2022,PEAB4,2.0454609999999995
2023,PEAB4,0.3261
2024,PEAB4,1.425056
2015,PEPB34,0.658649
2016,PEPB34,0.652563
2017,PEPB34,0.676353
2018,PEPB34,0.897682
2019,PEPB34,1.005176
2020,PEPB34,1.450549
2021,PEPB34,1.5352020000000002
2022,PEPB34,1.5430139999999999
2023,PEPB34,0.972756
2024,PEPB34,1.6760760000000001
2018,PETR3,0.251183
2019,PETR3,0.5009250000000001
2020,PETR3,0.239895
2021,PETR3,5.653232000000001
2022,PETR3,16.766642
2023,PETR3,7.344291
2024,PETR3,7.902437999999999
2018,PETR4,0.916563
2019,PETR4,0.942361
2020,PETR4,0.000461
2021,PETR4,5.653232000000001
2022,PETR4,15.102379
2023,PETR4,7.344291
2024,PETR4,7.902437999999999
2015,PFIZ34,0.9587760000000001
2016,PFIZ34,1.055453
2017,PFIZ34,1.018936
2018,PFIZ34,1.271626
2019,PFIZ34,1.4382270000000001
2020,PFIZ34,1.91635
2021,PFIZ34,2.116179
2022,PFIZ34,2.06109
2023,PFIZ34,2.4354600000000004
2024,PFIZ34,1.6217549999999998
2021,PFRM3,0.270569
2022,PFRM3,0.173318
2023,PFRM3,0.115732
2024,PFRM3,0.559576
2015,PGCO34,3.6101168300000004
2016,PGCO34,3.9281130600000003
2017,PGCO34,3.59288786
2018,PGCO34,4.31323384
2019,PGCO34,4.8967047
2020,PGCO34,6.855155300000001
2021,PGCO34,7.6119555
2022,PGCO34,7.7430764
2023,PGCO34,7.2072773
2024,PGCO34,6.0972695
2015,PINE4,0.6104160000000001
2016,PINE4,0.42125699999999994
2023,PINE4,0.162184
2024,PINE4,0.605524
2017,PLRI11,0.8400000000000001
2022,PLRI11,5.696712999999999
2023,PLRI11,3.515675
2024,PLRI11,9.361642
2016,PMAM3,1.26436
2015,PNVL3,0.12021599999999999
2016,PNVL3,0.119473
2017,PNVL3,0.052856
2018,PNVL3,0.219718
2019,PNVL3,0.168093
2020,PNVL3,0.022962
2021,PNVL3,0.28756499999999996
2022,PNVL3,0.222131
2023,PNVL3,0.197897
2024,PNVL3,0.33538399999999996
2015,POMO3,0.02025
2016,POMO3,0.109167
2017,POMO3,0.015417
2018,POMO3,0.0925
2019,POMO3,0.05
2020,POMO3,0.0775
2021,POMO3,0.089166
2022,POMO3,0.118333
2023,POMO3,0.276666
2024,POMO3,0.551667
2015,POMO4,0.040186
2016,POMO4,0.108321
2017,POMO4,0.015338
2018,POMO4,0.092411
2019,POMO4,0.05
2020,POMO4,0.0775
2021,POMO4,0.089166
2022,POMO4,0.118333
2023,POMO4,0.301666
2024,POMO4,0.551667
2022,PORD11,1.1410000000000002
2023,PORD11,1.225
2024,PORD11,1.1089999999999998
2015,POSI3,0.068259
2017,POSI3,0.025663
2020,POSI3,0.0321
2021,POSI3,0.342276
2022,POSI3,0.680482
2023,POSI3,0.514055
2024,POSI3,0.418228
2015,PPLA11,7.039277
2016,PPLA11,2.627704
2017,PPLA11,14.887032
2017,PQDP11,25.81514
2022,PQDP11,124.86101
2023,PQDP11,204.695203
2024,PQDP11,202.29603899999998
2023,PRIO3,0.072644
2017,PRSV11,1.75
2015,PSSA3,0.871841
2016,PSSA3,0.663255
2017,PSSA3,0.751315
2018,PSSA3,2.482621
2019,PSSA3,1.06067
2020,PSSA3,1.070191
2021,PSSA3,1.444678
2022,PSSA3,1.7447089999999998
2023,PSSA3,2.0007289999999998
2024,PSSA3,0.822601
2015,PTBL3,0.281575
2016,PTBL3,0.051432
2017,PTBL3,0.073702
2018,PTBL3,0.197855
2019,PTBL3,0.154922
2020,PTBL3,0.039798
2021,PTBL3,1.1281349999999999
2022,PTBL3,0.332874
2023,PTBL3,0.210052
2015,PTNT4,0.124879
2016,PTNT4,0.124879
2017,PTNT4,0.124879
2018,PTNT4,0.149854
2019,PTNT4,0.249349
2021,PTNT4,0.20265
2022,PTNT4,0.318749
2023,PTNT4,0.212294
2024,PTNT4,0.249758
2015,QCOM34,0.561457
2016,QCOM34,0.58394
2017,QCOM34,0.600549
2018,QCOM34,0.7562129999999999
2019,QCOM34,0.8286560000000001
2020,QCOM34,0.8477950000000001
2021,QCOM34,0.904304
2022,QCOM34,1.2543549999999999
2023,QCOM34,1.109097
2024,QCOM34,1.0738020000000001
2015,QUAL3,1.892968
2016,QUAL3,1.693085
2017,QUAL3,1.368584
2018,QUAL3,0.72383
2019,QUAL3,1.3065760000000002
2020,QUAL3,0.173529
2021,QUAL3,2.191043
2022,QUAL3,0.255432
2023,QUAL3,0.079075
2015,RADL3,0.104661
2016,RADL3,0.11369
2017,RADL3,0.11811
2018,RADL3,0.122331
2019,RADL3,0.123384
2020,RADL3,0.12426900000000002
2021,RADL3,0.213552
2022,RADL3,0.24479599999999999
2023,RADL3,0.3046
2024,RADL3,0.338046
2022,RAIL3,0.019307
2023,RAIL3,0.066017
2024,RAIL3,0.092402
2015,RANI3,0.10719600000000001
2017,RANI3,0.024748
2019,RANI3,0.022794
2020,RANI3,0.068866
2021,RANI3,0.3539920000000001
2022,RANI3,0.6393449999999999
2023,RANI3,0.853335
2024,RANI3,0.526695
2015,RAPT3,0.040258
2017,RAPT3,0.043817
2018,RAPT3,0.14799299999999999
2019,RAPT3,0.358928
2020,RAPT3,0.24193
2021,RAPT3,0.652771
2022,RAPT3,0.859998
2023,RAPT3,0.58176
2024,RAPT3,0.36364
2015,RAPT4,0.039256
2017,RAPT4,0.043817
2018,RAPT4,0.14799299999999999
2019,RAPT4,0.358928
2020,RAPT4,0.24193
2021,RAPT4,0.652771
2022,RAPT4,0.859998
2023,RAPT4,0.58176
2024,RAPT4,0.36364
2017,RBBV11,1.195412
2017,RBCB11,6.0
2022,RBCO11,4.800000000000001
2017,RBDS11,14.830972
2022,RBED11,9.58
2023,RBED11,16.009999999999998
2024,RBED11,22.72
2022,RBFF11,4.029999999999999
2023,RBFF11,6.039999999999999
2024,RBFF11,6.099999999999999
2017,RBGS11,0.210921
2017,RBRD11,3.5435000000000003
2022,RBRD11,2.6999999999999997
2023,RBRD11,3.9199999999999995
2024,RBRD11,4.3999999999999995
2017,RBRF11,0.053334999999999994
2022,RBRF11,0.497004
2023,RBRF11,0.7240000000000002
2024,RBRF11,0.7532
2022,RBRP11,3.7500000000000004
2023,RBRP11,3.2200000000000006
2024,RBRP11,5.99
2022,RBRR11,8.056493999999999
2023,RBRR11,9.904016
2024,RBRR11,9.931000000000001
2022,RBRY11,11.986190999999998
2023,RBRY11,14.024971999999998
2024,RBRY11,11.659582
2022,RBVA11,9.076944999999998
2023,RBVA11,11.80733
2024,RBVA11,10.9
2022,RCRB11,6.3199999999999985
2023,RCRB11,9.070000000000002
2024,RCRB11,11.55
2017,RDES11,0.493711
2015,RDNI3,0.383021
2016,RDNI3,0.23703
2020,RDNI3,0.009054
2021,RDNI3,0.009985
2022,RDNI3,0.05717
2023,RDNI3,0.144192
2022,RECT11,4.013376000000001
2023,RECT11,5.462100000000001
2024,RECT11,4.473400000000001
2016,REDE3,0.055181
2017,REDE3,0.017838
2018,REDE3,0.01279
2019,REDE3,0.45844599999999996
2020,REDE3,0.093
2021,REDE3,0.977465
2022,REDE3,0.52214
2023,REDE3,0.711274
2024,REDE3,0.583645
2022,REIT11,217.420862
2023,REIT11,39.544439000000004
2024,REIT11,8.857299999999999
2015,RENT3,0.200567
2016,RENT3,0.268576
2017,RENT3,0.233903
2018,RENT3,0.255801
2019,RENT3,0.39244999999999997
2020,RENT3,0.345117
2021,RENT3,0.440462
2022,RENT3,1.308586
2023,RENT3,1.502569
2024,RENT3,1.5849410000000002
2017,RNDP11,12.133811999999999
2022,RNDP11,502.188095
2023,RNDP11,113.755797
2024,RNDP11,35.60344299999999
2016,RNEW11,0.273501
2016,RNEW3,0.34583
2017,RNGO11,1.04
2022,RNGO11,3.7000000000000006
2023,RNGO11,4.83
2024,RNGO11,4.579999999999999
2015,ROMI3,0.016866
2016,ROMI3,0.01526
2017,ROMI3,0.053972
2018,ROMI3,0.500794
2019,ROMI3,0.755607
2020,ROMI3,1.731602
2021,ROMI3,0.611492
2022,ROMI3,0.717827
2023,ROMI3,0.8972410000000001
2024,ROMI3,0.804286
2018,ROST34,0.435409
2019,ROST34,2.049933
2020,ROST34,0.739845
2021,ROST34,2.290061
2022,ROST34,3.1905210000000004
2023,ROST34,2.817531
2024,ROST34,2.831165
2015,RPAD3,0.0133
2017,RPAD3,0.00037
2020,RPAD3,0.0007
2022,RPAD3,0.0007
2015,RPAD5,0.42136999999999997
2016,RPAD5,0.43033999999999994
2017,RPAD5,0.45128999999999997
2018,RPAD5,0.48567000000000005
2019,RPAD5,0.4083
2020,RPAD5,0.52606
2021,RPAD5,0.54762
2022,RPAD5,0.56472
2023,RPAD5,0.57849
2024,RPAD5,0.61084
2015,RPAD6,0.01464
2017,RPAD6,0.0004
2020,RPAD6,0.00077
2022,RPAD6,0.00077
2023,RSPD11,186.100822
2024,RSPD11,45.13457
2022,RSUL4,1.98453
2023,RSUL4,2.912009
2024,RSUL4,2.126921
2017,SAAG11,1.7
2022,SADI11,4.693
2023,SADI11,6.621999999999999
2024,SADI11,2.801
2015,SANB11,1.033093
2016,SANB11,0.931494
2017,SANB11,0.586591
2018,SANB11,1.7649610000000002
2019,SANB11,2.090012
2020,SANB11,2.805265
2021,SANB11,2.835826
2022,SANB11,2.241702
2023,SANB11,1.667602
2024,SANB11,1.6102310000000002
2015,SANB3,0.491971
2016,SANB3,0.443569
2017,SANB3,0.7044480000000001
2018,SANB3,0.8404569999999999
2019,SANB3,0.9952430000000001
2020,SANB3,1.335839
2021,SANB3,1.350391
2022,SANB3,1.067476
2023,SANB3,0.794096
2024,SANB3,0.766777
2015,SANB4,0.541135
2016,SANB4,0.487925
2017,SANB4,0.76601
2018,SANB4,0.9245030000000001
2019,SANB4,1.094767
2020,SANB4,1.4694239999999998
2021,SANB4,1.4854310000000002
2022,SANB4,1.1742240000000002
2023,SANB4,0.873506
2024,SANB4,0.8153440000000001
2018,SAPR11,1.090132
2019,SAPR11,1.4695909999999999
2020,SAPR11,1.0282179999999999
2021,SAPR11,0.9943519999999999
2022,SAPR11,1.161391
2023,SAPR11,1.833332
2024,SAPR11,1.3652549999999999
2015,SAPR3,0.14199
2016,SAPR3,0.168992
2017,SAPR3,0.194662
2018,SAPR3,0.201875
2019,SAPR3,0.272146
2020,SAPR3,0.19041
2021,SAPR3,0.184139
2022,SAPR3,0.21507199999999999
2023,SAPR3,0.339505
2024,SAPR3,0.25282499999999997
2015,SAPR4,0.156188
2016,SAPR4,0.185892
2017,SAPR4,0.214129
2018,SAPR4,0.222062
2019,SAPR4,0.299361
2020,SAPR4,0.209451
2021,SAPR4,0.202552
2022,SAPR4,0.23658
2023,SAPR4,0.373456
2024,SAPR4,0.278108
2015,SBSP3,0.36913
2016,SBSP3,0.2193
2017,SBSP3,1.2048
2018,SBSP3,1.0298
2019,SBSP3,1.159
2020,SBSP3,1.3767
2021,SBSP3,0.3979
2022,SBSP3,0.9427
2023,SBSP3,1.276
2024,SBSP3,1.4404
2015,SBUB34,2.295232
2016,SBUB34,3.0059
2017,SBUB34,3.3520499999999998
2018,SBUB34,4.91826
2019,SBUB34,6.000624999999999
2020,SBUB34,6.327529999999999
2021,SBUB34,7.41872
2022,SBUB34,10.151885
2023,SBUB34,10.754539
2024,SBUB34,8.727309
2015,SCAR3,0.761966
2016,SCAR3,0.201186
2017,SCAR3,1.134174
2019,SCAR3,0.367359
2020,SCAR3,0.063011
2021,SCAR3,0.366203
2022,SCAR3,0.143764
2024,SCAR3,1.742338
2018,SCHW34,0.061784
2019,SCHW34,0.340007
2020,SCHW34,0.468588
2021,SCHW34,0.484888
2022,SCHW34,0.532965
2023,SCHW34,0.580425
2024,SCHW34,0.471939
2017,SCPF11,0.072192
2022,SCPF11,0.137406
2023,SCPF11,0.26999999999999996
2024,SCPF11,0.063
2017,SDIL11,1.18
2022,SDIL11,6.96
2023,SDIL11,6.55
2015,SEER3,0.04478
2016,SEER3,0.176091
2017,SEER3,0.260779
2018,SEER3,0.42467299999999997
2019,SEER3,2.4076899999999997
2020,SEER3,0.363638
2021,SEER3,0.41758300000000004
2016,SHOW3,0.02932
2017,SHOW3,0.093559
2018,SHOW3,0.31302
2019,SHOW3,0.059187
2017,SHPH11,3.5
2022,SHPH11,28.8
2023,SHPH11,50.47
2024,SHPH11,56.6
2015,SHUL4,0.045496999999999996
2016,SHUL4,0.023391000000000002
2017,SHUL4,0.028516
2018,SHUL4,0.10887
2019,SHUL4,0.11049500000000001
2020,SHUL4,0.08349500000000001
2021,SHUL4,0.230189
2022,SHUL4,0.260277
2023,SHUL4,0.35594299999999995
2024,SHUL4,0.37527599999999994
2015,SLBG34,3.508775
2016,SLBG34,3.40545
2017,SLBG34,3.1621180000000004
2018,SLBG34,3.6792499999999997
2019,SLBG34,3.949375
2020,SLBG34,2.2816009999999998
2021,SLBG34,1.369062
2022,SLBG34,1.6747219999999998
2023,SLBG34,2.4795629999999997
2024,SLBG34,2.9841219999999997
2015,SLCE3,0.057798
2016,SLCE3,0.123866
2017,SLCE3,0.45791699999999996
2018,SLCE3,2.575497
2019,SLCE3,0.391345
2020,SLCE3,0.244521
2021,SLCE3,0.439138
2022,SLCE3,1.2608650000000001
2023,SLCE3,1.234607
2024,SLCE3,0.829965
2015,SLED3,31.031466
2017,SLED3,6.300095
2015,SLED4,28.662886
2017,SLED4,5.819219
2015,SMTO3,0.200523
2016,SMTO3,0.163789
2017,SMTO3,0.278878
2018,SMTO3,0.513
2019,SMTO3,0.658208
2020,SMTO3,0.383751
2021,SMTO3,2.3314690000000002
2022,SMTO3,1.132979
2023,SMTO3,1.2414290000000001
2024,SMTO3,1.347901
2015,SOND5,1.699682
2018,SOND5,1.274761
2019,SOND5,6.363913
2020,SOND5,0.921123
2021,SOND5,8.517645
2022,SOND5,6.6337600000000005
2023,SOND5,6.094705
2024,SOND5,5.043426
2015,SOND6,1.699682
2018,SOND6,1.274761
2019,SOND6,6.363913
2020,SOND6,0.921123
2021,SOND6,8.517645
2022,SOND6,6.6337600000000005
2023,SOND6,6.094705
2024,SOND6,5.043426
2017,SPTW11,1.07
2022,SPTW11,3.6199999999999997
2023,SPTW11,5.2
2024,SPTW11,5.250000000000001
2024,SSFO34,0.284852
2015,STBP3,0.019694
2018,STBP3,0.002966
2019,STBP3,0.004259
2020,STBP3,0.017499
2021,STBP3,0.259952
2022,STBP3,0.6589200000000001
2023,STBP3,0.44171000000000005
2024,STBP3,2.602775
2024,STRX11,0.76
2015,SUZB3,0.232591
2016,SUZB3,0.258
2017,SUZB3,0.183
2018,SUZB3,0.192228
2019,SUZB3,0.8894
2022,SUZB3,3.307906
2023,SUZB3,1.163375
2024,SUZB3,2.017363
2015,TAEE11,1.9594850000000001
2016,TAEE11,2.70405
2017,TAEE11,1.7658129999999999
2018,TAEE11,2.78725
2019,TAEE11,1.8906999999999998
2020,TAEE11,3.2110630000000002
2021,TAEE11,4.5037009999999995
2022,TAEE11,2.827187
2023,TAEE11,2.914508
2024,TAEE11,3.5324560000000003
2015,TAEE3,0.546493
2016,TAEE3,0.90135
2017,TAEE3,0.588604
2018,TAEE3,0.929082
2019,TAEE3,0.630232
2020,TAEE3,1.070336
2021,TAEE3,1.5012320000000001
2022,TAEE3,1.432258
2023,TAEE3,0.9715020000000001
2024,TAEE3,1.1774850000000001
2017,TAEE4,0.41954899999999995
2018,TAEE4,0.929083
2019,TAEE4,0.630232
2020,TAEE4,1.070333
2021,TAEE4,1.5012320000000001
2022,TAEE4,0.676252
2023,TAEE4,0.9715020000000001
2024,TAEE4,1.1774850000000001
2022,TASA3,1.624365
2023,TASA3,1.39562
2024,TASA3,0.303458
2022,TASA4,1.624365
2023,TASA4,1.39562
2024,TASA4,0.303458
2017,TBOF11,0.329878
2022,TBOF11,1.031455
2015,TCSA3,1.829347
2016,TCSA3,1.435915
2015,TECN3,0.3
2016,TECN3,0.097272
2022,TECN3,0.080987
2023,TECN3,0.082006
2024,TECN3,0.1484
2018,TEND3,0.249945
2019,TEND3,0.585005
2020,TEND3,0.48324100000000003
2021,TEND3,0.174028
2024,TEND3,0.170623
2015,TEXA34,0.096647
2016,TEXA34,0.379386
2017,TEXA34,0.447817
2018,TEXA34,0.6356539999999999
2019,TEXA34,0.8579640000000001
2020,TEXA34,1.291684
2021,TEXA34,1.4960920000000002
2022,TEXA34,1.498358
2023,TEXA34,1.664005
2024,TEXA34,1.443886
2017,TFOF11,22.0
2019,TGAR11,2.8200000000000003
2020,TGAR11,12.170000000000002
2021,TGAR11,14.249999999999998
2022,TGAR11,17.229999999999997
2023,TGAR11,15.04
2024,TGAR11,15.100000000000001
2015,TGMA3,0.075829
2017,TGMA3,0.402982
2018,TGMA3,1.145013
2019,TGMA3,1.5707119999999999
2020,TGMA3,0.340186
2021,TGMA3,0.785836
2022,TGMA3,1.121693
2023,TGMA3,1.71
2024,TGMA3,2.71
2015,TGTB34,2.16048
2016,TGTB34,7.94934
2017,TGTB34,7.80824
2018,TGTB34,9.43133
2019,TGTB34,10.32292
2020,TGTB34,13.36234
2021,TGTB34,13.217920000000001
2022,TGTB34,20.39706
2023,TGTB34,20.084236
2024,TGTB34,18.688799
2017,THRA11,0.450139
2018,TMOS34,0.013088
2019,TMOS34,0.063239
2020,TMOS34,0.072842
2021,TMOS34,0.117582
2022,TMOS34,0.12751200000000001
2023,TMOS34,0.08688200000000001
2024,TMOS34,0.125276
2015,TOTS3,0.37784799999999996
2016,TOTS3,0.30634500000000003
2017,TOTS3,0.117242
2018,TOTS3,0.077429
2019,TOTS3,0.16620800000000002
2020,TOTS3,0.212858
2021,TOTS3,0.309558
2022,TOTS3,0.1
2023,TOTS3,0.65
2024,TOTS3,0.45
2015,TPIS3,0.909072
2016,TPIS3,1.070076
2018,TPIS3,0.7785
2021,TPIS3,0.16486
2022,TPIS3,0.074752
2023,TPIS3,0.045897
2024,TPIS3,0.230539
2015,TRIS3,0.06473
2016,TRIS3,0.06503
2017,TRIS3,0.065032
2018,TRIS3,0.167673
2019,TRIS3,0.136876
2020,TRIS3,0.214342
2021,TRIS3,0.241134
2022,TRIS3,0.219644
2023,TRIS3,0.137278
2024,TRIS3,0.19768000000000002
2021,TRNT11,3.852139
2022,TRNT11,4.808122
2023,TRNT11,4.626385999999999
2024,TRNT11,1.05
2018,TRVC34,0.092398
2019,TRVC34,0.401643
2020,TRVC34,0.427902
2021,TRVC34,0.44194199999999995
2022,TRVC34,0.590883
2023,TRVC34,0.5145850000000001
2024,TRVC34,0.496831
2022,TSNC11,1.877874
2023,TSNC11,1.251916
2024,TSNC11,14.72239
2015,TUPY3,0.742212
2016,TUPY3,0.5850960000000001
2017,TUPY3,1.151459
2018,TUPY3,1.213881
2019,TUPY3,1.127083
2021,TUPY3,0.432103
2022,TUPY3,0.22487
2023,TUPY3,1.494119
2024,TUPY3,0.40889200000000003
2017,UBSG34,1.90092
2018,UBSG34,2.085265
2019,UBSG34,2.560921
2020,UBSG34,4.012416
2021,UBSG34,2.048822
2022,UBSG34,2.297687
2023,UBSG34,2.672104
2024,UBSG34,5.663209
2015,UCAS3,0.1135
2019,UCAS3,0.0757
2020,UCAS3,0.6574040000000001
2021,UCAS3,0.213727
2022,UCAS3,0.1816
2023,UCAS3,0.2009
2024,UCAS3,0.1816
2015,UGPA3,0.34784800000000005
2016,UGPA3,0.36858
2017,UGPA3,0.396224
2018,UGPA3,0.336329
2019,UGPA3,0.25339900000000004
2020,UGPA3,0.110574
2021,UGPA3,0.40271900000000005
2022,UGPA3,0.58287
2023,UGPA3,0.35
2024,UGPA3,0.65
2015,UNIP3,0.14603
2016,UNIP3,0.187314
2017,UNIP3,2.9764479999999995
2018,UNIP3,1.444402
2019,UNIP3,0.195104
2020,UNIP3,1.307396
2021,UNIP3,9.242001
2022,UNIP3,11.532239
2023,UNIP3,1.974249
2024,UNIP3,2.298169
2015,UNIP5,0.298701
2016,UNIP5,0.298701
2017,UNIP5,3.314921
2018,UNIP5,0.928231
2019,UNIP5,0.214614
2020,UNIP5,1.955967
2021,UNIP5,11.639796
2022,UNIP5,12.685462999999999
2023,UNIP5,2.4131780000000003
2024,UNIP5,0.938936
2015,UNIP6,0.160632
2016,UNIP6,0.206045
2017,UNIP6,3.274093
2018,UNIP6,0.928231
2019,UNIP6,0.214614
2020,UNIP6,1.871174
2021,UNIP6,9.433577
2022,UNIP6,12.685462999999999
2023,UNIP6,2.1716740000000003
2024,UNIP6,1.559657
2015,UPAC34,1.107081
2016,UPAC34,1.876353
2017,UPAC34,1.986338
2018,UPAC34,2.874605
2019,UPAC34,3.6847820000000002
2020,UPAC34,5.202498
2021,UPAC34,5.819427
2022,UPAC34,6.548864
2023,UPAC34,5.524572
2024,UPAC34,5.158659
2015,UPSS34,0.6277849999999999
2016,UPSS34,0.6784540000000001
2017,UPSS34,0.6654420000000001
2018,UPSS34,0.858904
2019,UPSS34,0.956508
2020,UPSS34,1.2629160000000001
2021,UPSS34,1.365613
2022,UPSS34,1.919143
2023,UPSS34,1.880113
2024,UPSS34,1.555783
2015,USBC34,0.889257
2016,USBC34,0.879982
2017,USBC34,0.917822
2018,USBC34,1.231719
2019,USBC34,1.5746529999999999
2020,USBC34,1.6987430000000001
2021,USBC34,2.39477
2022,USBC34,2.391921
2023,USBC34,4.145613
2024,USBC34,2.006325
2015,USIM3,0.029698
2018,USIM3,0.04321
2019,USIM3,0.144916
2020,USIM3,0.0395
2021,USIM3,1.2961019999999999
2022,USIM3,0.571934
2023,USIM3,0.298879
2024,USIM3,0.257325
2015,USIM5,0.032668
2018,USIM5,0.047531
2019,USIM5,0.159407
2020,USIM5,0.04345
2021,USIM5,1.425714
2022,USIM5,0.629128
2023,USIM5,0.328767
2024,USIM5,0.283058
2015,USIM6,0.032668
2018,USIM6,0.047531
2019,USIM6,0.159407
2020,USIM6,0.04345
2021,USIM6,1.425714
2022,USIM6,0.629128
2023,USIM6,0.328767
2024,USIM6,0.283058
2017,USSX34,0.165
2018,USSX34,0.75085
2019,USSX34,0.79782
2020,USSX34,0.144486
2021,USSX34,0.380701
2022,USSX34,1.015255
2023,USSX34,0.8559000000000001
2024,USSX34,0.764227
2015,VALE3,0.975371
2016,VALE3,0.166294
2017,VALE3,1.325484
2018,VALE3,1.9688729999999999
2019,VALE3,1.414364
2020,VALE3,2.40751
2021,VALE3,14.648555
2022,VALE3,7.5833260000000005
2023,VALE3,4.511889
2024,VALE3,5.352877
2021,VAMO3,0.38952600000000004
2022,VAMO3,0.258962
2023,VAMO3,0.33635099999999996
2024,VAMO3,0.268262
2022,VERE11,22.214299999999998
2023,VERE11,29.799999999999994
2024,VERE11,24.508599999999998
2015,VERZ34,1.199833
2016,VERZ34,1.322916
2017,VERZ34,1.223308
2018,VERZ34,1.399608
2019,VERZ34,1.556481
2020,VERZ34,2.144814
2021,VERZ34,1.722991
2022,VERZ34,2.2200480000000002
2023,VERZ34,1.992205
2024,VERZ34,1.6794250000000002
2022,VGIR11,2.3310269999999997
2023,VGIR11,1.32069
2024,VGIR11,1.2658790000000002
2022,VILG11,5.709999999999999
2023,VILG11,8.05
2024,VILG11,7.3500000000000005
2015,VISA34,0.08596599999999999
2016,VISA34,0.10122900000000001
2017,VISA34,0.110029
2018,VISA34,0.16536099999999998
2019,VISA34,0.209566
2020,VISA34,0.307292
2021,VISA34,0.272203
2022,VISA34,0.39925900000000003
2023,VISA34,0.42779900000000004
2024,VISA34,0.457083
2017,VISC11,0.608113
2022,VISC11,7.132122
2023,VISC11,10.442694
2024,VISC11,10.930000000000001
2019,VIVA3,0.169349
2020,VIVA3,0.105843
2021,VIVA3,0.328036
2022,VIVA3,0.053853
2023,VIVA3,0.364192
2024,VIVA3,0.37285
2015,VIVT3,2.6802859999999997
2016,VIVT3,1.7539150000000001
2017,VIVT3,2.8405470000000004
2018,VIVT3,3.744172
2019,VIVT3,2.613911
2020,VIVT3,3.8896550000000003
2021,VIVT3,3.4626400000000004
2022,VIVT3,2.025373
2023,VIVT3,3.0894239999999993
2024,VIVT3,2.803011
2015,VLID3,0.9209700000000001
2016,VLID3,0.643896
2017,VLID3,0.347302
2018,VLID3,0.958569
2019,VLID3,0.689093
2022,VLID3,0.290354
2023,VLID3,1.220031
2024,VLID3,1.7774189999999999
2016,VLOE34,1.9858799999999999
2017,VLOE34,4.47986
2018,VLOE34,5.9847600000000005
2019,VLOE34,7.158825
2020,VLOE34,7.3189340000000005
2021,VLOE34,7.715148000000001
2022,VLOE34,9.982280000000001
2023,VLOE34,9.4018
2024,VLOE34,8.221141000000001
2024,VPSI11,1.260095
2017,VRTA11,1.42
2022,VRTA11,8.7
2023,VRTA11,10.119999999999997
2024,VRTA11,10.100000000000003
2022,VSHO11,5.44
2023,VSHO11,8.36
2024,VSHO11,7.839999999999999
2022,VTLT11,7.47
2023,VTLT11,10.510000000000002
2024,VTLT11,11.12
2021,VULC3,0.695335
2022,VULC3,0.365069
2023,VULC3,0.922039
2024,VULC3,3.15
2015,WALM34,0.143567
2016,WALM34,0.14062
2017,WALM34,0.13493
2018,WALM34,0.16300699999999999
2019,WALM34,0.17264300000000002
2020,WALM34,0.237423
2021,WALM34,0.24664799999999998
2022,WALM34,0.234218
2023,WALM34,0.223112
2024,WALM34,0.182698
2015,WEGE3,0.15013600000000002
2016,WEGE3,0.144652
2017,WEGE3,0.137596
2018,WEGE3,0.15790200000000001
2019,WEGE3,0.17021
2020,WEGE3,0.217194
2021,WEGE3,0.42300000000000004
2022,WEGE3,0.51568
2023,WEGE3,0.6148
2024,WEGE3,0.755849
2015,WFCO34,1.262413
2016,WFCO34,1.345393
2017,WFCO34,1.224257
2018,WFCO34,1.5400550000000002
2019,WFCO34,1.9140169999999999
2020,WFCO34,1.5238409999999998
2021,WFCO34,0.8102659999999999
2022,WFCO34,1.393469
2023,WFCO34,1.4784449999999998
2024,WFCO34,1.41503
2015,WHRL3,0.1258
2017,WHRL3,0.50604
2018,WHRL3,0.13547
2019,WHRL3,0.52252
2020,WHRL3,2.18037
2021,WHRL3,0.58704
2022,WHRL3,0.1871
2023,WHRL3,0.3404
2024,WHRL3,0.37949299999999997
2015,WHRL4,0.13837
2017,WHRL4,0.55671
2018,WHRL4,0.14902
2019,WHRL4,0.57477
2020,WHRL4,1.33404
2021,WHRL4,0.64574
2022,WHRL4,0.2058
2023,WHRL4,0.3745
2024,WHRL4,0.417442
2019,WLMM3,0.07664
2020,WLMM3,0.31975
2021,WLMM3,0.57069
2022,WLMM3,0.9390219999999999
2023,WLMM3,0.8311010000000001
2024,WLMM3,1.2301840000000002
2015,WLMM4,1.1854099999999999
2016,WLMM4,0.04642
2019,WLMM4,0.08431
2020,WLMM4,0.35172
2021,WLMM4,0.62776
2022,WLMM4,1.032921
2023,WLMM4,0.9142119999999999
2024,WLMM4,1.353202
2015,WPLZ11,0.606466
2016,WPLZ11,1.971009
2017,WPLZ11,1.7534500000000002
2018,WPLZ11,3.1599950000000003
2019,WPLZ11,5.804900000000001
2020,WPLZ11,2.61
2021,WPLZ11,0.85
2022,WPLZ11,4.77
2023,WPLZ11,4.970000000000001
2024,WPLZ11,4.529999999999999
2017,WPLZ11B,0.110017
2022,WPLZ11B,3.8341469999999997
2023,WPLZ11B,5.364598000000001
2024,WPLZ11B,4.529999999999999
2015,WUNI34,0.619736
2016,WUNI34,2.1313760000000004
2017,WUNI34,2.24182
2018,WUNI34,2.853268
2019,WUNI34,3.18214
2020,WUNI34,4.864028
2021,WUNI34,5.1121680000000005
2022,WUNI34,4.8372399999999995
2023,WUNI34,3.9849870000000003
2024,WUNI34,3.640881
2017,XPCM11,1.56
2022,XPCM11,1.38
2023,XPCM11,1.1700000000000002
2024,XPCM11,0.02
2022,XPHT11,6.7
2023,XPHT11,138.04679
2022,XPIN11,6.209999999999999
2023,XPIN11,8.430000000000001
2024,XPIN11,7.760000000000001
2022,XPLG11,6.358092000000001
2023,XPLG11,8.358194
2024,XPLG11,8.580000000000002
2019,XRXB34,2.0555
2020,XRXB34,5.46
2021,XRXB34,5.248925
2022,XRXB34,5.124750000000001
2023,XRXB34,4.626038
2024,XRXB34,4.777367999999999
2015,YDUQ3,0.328685
2016,YDUQ3,1.7364009999999999
2017,YDUQ3,0.283478
2018,YDUQ3,1.658341
2019,YDUQ3,0.510182
2020,YDUQ3,0.509723
2021,YDUQ3,0.469672
2022,YDUQ3,0.126471
2023,YDUQ3,0.27493
2024,YDUQ3,0.273695
